-- ============================================================
-- ファイル概要: hackathon-backend/migrations/001_init.sql
-- 役割: MySQLの初期スキーマとデモデータを定義し、ローカルでもクラウドでも同じ初期状態を再現します。
--
-- 実装上の注目点:
-- 日本語の商品名・説明・住所を扱うため、最初にutf8mb4を明示します。
-- CREATE TABLE群では、商品、購入、コメント、DM、通知、保存検索、支払い方法、AIチャット履歴の関係を定義します。
-- INSERT群では、検索・購入・出品履歴・推薦・売れ残り通知をすぐ確認できるデモデータを投入します。
-- ============================================================
-- 実装詳細メモ:
-- フリマアプリのER構造とデモデータを1ファイルで再現する初期マイグレーションです。
-- 外部キー、UNIQUE制約、検索INDEX、デモ用の初期商品がどの画面機能を支えるかを確認できます。
/*!40101 SET NAMES utf8mb4 */;
SET character_set_client = utf8mb4;
SET character_set_connection = utf8mb4;
SET character_set_results = utf8mb4;

-- ============================================================
-- ハッカソン用フリマアプリ 初期DBスキーマ
-- MySQL 8.0 / utf8mb4 を想定
-- ============================================================

-- users はログイン主体であり、出品者・購入者・通知受信者・問い合わせ投稿者の基点です。
-- balance_coins は購入に使える残高、sales_coins は売上金として分け、購入時と受取完了時の資金移動を説明しやすくしています。
-- rating_sum/rating_count は評価平均を都度再計算できるようにする集計列で、レビュー本文の履歴は purchases.rating_comment に残します。
CREATE TABLE IF NOT EXISTS users (
  id BIGINT AUTO_INCREMENT PRIMARY KEY,
  name VARCHAR(80) NOT NULL,
  email VARCHAR(255) NOT NULL UNIQUE,
  password_hash VARCHAR(255) NOT NULL,
  balance_coins INT NOT NULL DEFAULT 0,
  sales_coins INT NOT NULL DEFAULT 0,
  rating_sum INT NOT NULL DEFAULT 0,
  rating_count INT NOT NULL DEFAULT 0,
  transaction_count INT NOT NULL DEFAULT 0,
  shipping_region VARCHAR(80) NULL,
  shipping_address TEXT NULL,
  created_at DATETIME NOT NULL DEFAULT CURRENT_TIMESTAMP
) ENGINE=InnoDB DEFAULT CHARSET=utf8mb4;

-- items はフリマアプリの中心エンティティです。
-- product_code は画面に出す商品番号、id は内部JOIN用の主キーとして分けています。
-- image_url は旧実装名のままですが、現在は画像・動画Data URLのJSON配列も入るためMEDIUMTEXTにしています。
-- FULLTEXT INDEX はMySQL側のキーワード検索、通常INDEXはステータス・出品者・カテゴリ別の一覧表示を高速化します。
CREATE TABLE IF NOT EXISTS items (
  id BIGINT AUTO_INCREMENT PRIMARY KEY,
  product_code VARCHAR(32) UNIQUE,
  seller_id BIGINT NOT NULL,
  title VARCHAR(120) NOT NULL,
  description TEXT NOT NULL,
  category VARCHAR(80) NOT NULL,
  condition_text VARCHAR(80) NOT NULL,
  price_yen INT NOT NULL,
  image_url MEDIUMTEXT NULL,
  delivery_method VARCHAR(120) NOT NULL DEFAULT '対面・配送相談',
  shipping_days INT NOT NULL DEFAULT 2,
  ship_from_region VARCHAR(80) NOT NULL DEFAULT '未設定',
  size VARCHAR(80) NULL,
  color VARCHAR(80) NULL,
  tags TEXT NULL,
  status ENUM('available', 'sold', 'canceled') NOT NULL DEFAULT 'available',
  created_at DATETIME NOT NULL DEFAULT CURRENT_TIMESTAMP,
  updated_at DATETIME NOT NULL DEFAULT CURRENT_TIMESTAMP ON UPDATE CURRENT_TIMESTAMP,
  CONSTRAINT fk_items_seller FOREIGN KEY (seller_id) REFERENCES users(id),
  INDEX idx_items_status_updated_at (status, updated_at),
  INDEX idx_items_seller_id (seller_id),
  INDEX idx_items_category_status (category, status),
  FULLTEXT INDEX ft_items_title_description (title, description)
) ENGINE=InnoDB DEFAULT CHARSET=utf8mb4;

-- purchases は「1商品につき1回だけ購入できる」取引状態を持ちます。
-- item_id にUNIQUEを付けることで二重購入をDB制約でも防ぎ、Repositoryのトランザクションと合わせて在庫整合性を守ります。
-- status は支払い済み、発送済み、受取完了、キャンセルの流れを表し、購入履歴画面の列分けに使います。
CREATE TABLE IF NOT EXISTS purchases (
  id BIGINT AUTO_INCREMENT PRIMARY KEY,
  item_id BIGINT NOT NULL UNIQUE,
  buyer_id BIGINT NOT NULL,
  seller_id BIGINT NOT NULL,
  price_yen INT NOT NULL,
  status ENUM('paid', 'shipped', 'completed', 'canceled') NOT NULL DEFAULT 'paid',
  delivery_address TEXT NULL,
  shipping_deadline DATETIME NOT NULL,
  shipped_at DATETIME NULL,
  completed_at DATETIME NULL,
  rating INT NULL,
  rating_comment TEXT NULL,
  created_at DATETIME NOT NULL DEFAULT CURRENT_TIMESTAMP,
  CONSTRAINT fk_purchases_item FOREIGN KEY (item_id) REFERENCES items(id),
  CONSTRAINT fk_purchases_buyer FOREIGN KEY (buyer_id) REFERENCES users(id),
  CONSTRAINT fk_purchases_seller FOREIGN KEY (seller_id) REFERENCES users(id),
  INDEX idx_purchases_buyer_created_at (buyer_id, created_at),
  INDEX idx_purchases_seller_id (seller_id),
  INDEX idx_purchases_status_deadline (status, shipping_deadline)
) ENGINE=InnoDB DEFAULT CHARSET=utf8mb4;

-- messages は商品詳細ページに出る公開コメントです。
-- parent_message_id で返信を表し、親コメントを削除した場合は返信もON DELETE CASCADEで消します。
-- sender_id/receiver_id を両方持つことで、出品者宛コメントと返信通知の宛先を明確にします。
CREATE TABLE IF NOT EXISTS messages (
  id BIGINT AUTO_INCREMENT PRIMARY KEY,
  item_id BIGINT NOT NULL,
  parent_message_id BIGINT NULL,
  sender_id BIGINT NOT NULL,
  receiver_id BIGINT NOT NULL,
  body TEXT NOT NULL,
  created_at DATETIME NOT NULL DEFAULT CURRENT_TIMESTAMP,
  updated_at DATETIME NOT NULL DEFAULT CURRENT_TIMESTAMP ON UPDATE CURRENT_TIMESTAMP,
  CONSTRAINT fk_messages_item FOREIGN KEY (item_id) REFERENCES items(id),
  CONSTRAINT fk_messages_parent FOREIGN KEY (parent_message_id) REFERENCES messages(id) ON DELETE CASCADE,
  CONSTRAINT fk_messages_sender FOREIGN KEY (sender_id) REFERENCES users(id),
  CONSTRAINT fk_messages_receiver FOREIGN KEY (receiver_id) REFERENCES users(id),
  INDEX idx_messages_item_updated_at (item_id, updated_at),
  INDEX idx_messages_parent_message_id (parent_message_id),
  INDEX idx_messages_receiver_id (receiver_id)
) ENGINE=InnoDB DEFAULT CHARSET=utf8mb4;

-- private_messages は出品者と購入検討者だけが見るDMです。
-- 公開コメントとは分けて保存し、商品詳細ページでログインユーザーの関係者だけが取得できるようRepositoryで絞り込みます。
-- idx_private_messages_item_users は、商品IDと送受信者で会話を絞る一覧取得を支えます。
CREATE TABLE IF NOT EXISTS private_messages (
  id BIGINT AUTO_INCREMENT PRIMARY KEY,
  item_id BIGINT NOT NULL,
  parent_private_message_id BIGINT NULL,
  sender_id BIGINT NOT NULL,
  receiver_id BIGINT NOT NULL,
  body TEXT NOT NULL,
  created_at DATETIME NOT NULL DEFAULT CURRENT_TIMESTAMP,
  CONSTRAINT fk_private_messages_item FOREIGN KEY (item_id) REFERENCES items(id),
  CONSTRAINT fk_private_messages_parent FOREIGN KEY (parent_private_message_id) REFERENCES private_messages(id) ON DELETE CASCADE,
  CONSTRAINT fk_private_messages_sender FOREIGN KEY (sender_id) REFERENCES users(id),
  CONSTRAINT fk_private_messages_receiver FOREIGN KEY (receiver_id) REFERENCES users(id),
  INDEX idx_private_messages_item_users (item_id, sender_id, receiver_id),
  INDEX idx_private_messages_parent (parent_private_message_id),
  INDEX idx_private_messages_receiver_created_at (receiver_id, created_at)
) ENGINE=InnoDB DEFAULT CHARSET=utf8mb4;

-- checklist は「気になる商品」保存機能です。
-- UNIQUE(user_id, item_id) により同じ商品を二重登録できないようにし、last_seen_updated_at は後で価格変更通知などに拡張できます。
CREATE TABLE IF NOT EXISTS checklist (
  id BIGINT AUTO_INCREMENT PRIMARY KEY,
  user_id BIGINT NOT NULL,
  item_id BIGINT NOT NULL,
  last_seen_updated_at DATETIME NULL,
  created_at DATETIME NOT NULL DEFAULT CURRENT_TIMESTAMP,
  CONSTRAINT fk_checklist_user FOREIGN KEY (user_id) REFERENCES users(id),
  CONSTRAINT fk_checklist_item FOREIGN KEY (item_id) REFERENCES items(id),
  UNIQUE KEY uq_checklist_user_item (user_id, item_id),
  INDEX idx_checklist_user_created_at (user_id, created_at)
) ENGINE=InnoDB DEFAULT CHARSET=utf8mb4;

-- notifications は購入、コメント、保存検索、AI販売改善提案などのユーザー通知をまとめます。
-- item_id はNULL許容にし、商品に紐づかない運営通知やマイページ系通知も同じ一覧に出せるようにしています。
CREATE TABLE IF NOT EXISTS notifications (
  id BIGINT AUTO_INCREMENT PRIMARY KEY,
  user_id BIGINT NOT NULL,
  item_id BIGINT NULL,
  title VARCHAR(120) NOT NULL,
  body TEXT NOT NULL,
  read_at DATETIME NULL,
  created_at DATETIME NOT NULL DEFAULT CURRENT_TIMESTAMP,
  CONSTRAINT fk_notifications_user FOREIGN KEY (user_id) REFERENCES users(id),
  CONSTRAINT fk_notifications_item FOREIGN KEY (item_id) REFERENCES items(id),
  INDEX idx_notifications_user_created_at (user_id, created_at)
) ENGINE=InnoDB DEFAULT CHARSET=utf8mb4;

-- saved_searches は商品一覧の検索条件をJSON文字列で保存します。
-- カラムを条件ごとに分けずquery_jsonにすることで、自然言語検索や新しいフィルタ追加にもマイグレーションなしで追従できます。
CREATE TABLE IF NOT EXISTS saved_searches (
  id BIGINT AUTO_INCREMENT PRIMARY KEY,
  user_id BIGINT NOT NULL,
  name VARCHAR(120) NOT NULL,
  query_json TEXT NOT NULL,
  created_at DATETIME NOT NULL DEFAULT CURRENT_TIMESTAMP,
  CONSTRAINT fk_saved_searches_user FOREIGN KEY (user_id) REFERENCES users(id),
  INDEX idx_saved_searches_user_created_at (user_id, created_at)
) ENGINE=InnoDB DEFAULT CHARSET=utf8mb4;

-- blocked_users はユーザー同士のブロック関係です。
-- blocker_id/blocked_id のペアをUNIQUEにし、コメント・DM・商品一覧の除外判定で同じ関係を重複登録しないようにします。
CREATE TABLE IF NOT EXISTS blocked_users (
  id BIGINT AUTO_INCREMENT PRIMARY KEY,
  blocker_id BIGINT NOT NULL,
  blocked_id BIGINT NOT NULL,
  created_at DATETIME NOT NULL DEFAULT CURRENT_TIMESTAMP,
  CONSTRAINT fk_blocked_users_blocker FOREIGN KEY (blocker_id) REFERENCES users(id),
  CONSTRAINT fk_blocked_users_blocked FOREIGN KEY (blocked_id) REFERENCES users(id),
  UNIQUE KEY uq_blocked_users_pair (blocker_id, blocked_id)
) ENGINE=InnoDB DEFAULT CHARSET=utf8mb4;

-- support_messages はユーザーから運営への問い合わせ履歴です。
-- ハッカソンMVPでは管理者返信までは持たず、マイページで送信履歴を確認できる最小構成にしています。
CREATE TABLE IF NOT EXISTS support_messages (
  id BIGINT AUTO_INCREMENT PRIMARY KEY,
  user_id BIGINT NOT NULL,
  subject VARCHAR(120) NOT NULL DEFAULT '一般相談',
  body TEXT NOT NULL,
  created_at DATETIME NOT NULL DEFAULT CURRENT_TIMESTAMP,
  CONSTRAINT fk_support_messages_user FOREIGN KEY (user_id) REFERENCES users(id),
  INDEX idx_support_messages_user_created_at (user_id, created_at)
) ENGINE=InnoDB DEFAULT CHARSET=utf8mb4;

-- payment_methods は購入フローで使う支払い方法の表示情報です。
-- 実カード番号は保存せず、card_last4だけを保持します。is_defaultは購入画面で最初に使う支払い手段を示します。
CREATE TABLE IF NOT EXISTS payment_methods (
  id BIGINT AUTO_INCREMENT PRIMARY KEY,
  user_id BIGINT NOT NULL,
  label VARCHAR(120) NOT NULL,
  card_last4 CHAR(4) NOT NULL,
  holder_name VARCHAR(120) NOT NULL,
  expiry_month TINYINT NOT NULL,
  expiry_year SMALLINT NOT NULL,
  is_default BOOLEAN NOT NULL DEFAULT FALSE,
  created_at DATETIME NOT NULL DEFAULT CURRENT_TIMESTAMP,
  CONSTRAINT fk_payment_methods_user FOREIGN KEY (user_id) REFERENCES users(id) ON DELETE CASCADE,
  INDEX idx_payment_methods_user_default (user_id, is_default),
  INDEX idx_payment_methods_user_created_at (user_id, created_at)
) ENGINE=InnoDB DEFAULT CHARSET=utf8mb4;

-- AI対話ページのスレッド情報です。
-- 商品ごとのコメントとは別に、ユーザーが自由相談を話題ごとに保存できるようにします。
CREATE TABLE IF NOT EXISTS ai_chat_threads (
  id BIGINT AUTO_INCREMENT PRIMARY KEY,
  user_id BIGINT NOT NULL,
  title VARCHAR(120) NOT NULL DEFAULT '新しい相談',
  created_at DATETIME NOT NULL DEFAULT CURRENT_TIMESTAMP,
  updated_at DATETIME NOT NULL DEFAULT CURRENT_TIMESTAMP ON UPDATE CURRENT_TIMESTAMP,
  CONSTRAINT fk_ai_chat_threads_user FOREIGN KEY (user_id) REFERENCES users(id) ON DELETE CASCADE,
  INDEX idx_ai_chat_threads_user_updated_at (user_id, updated_at)
) ENGINE=InnoDB DEFAULT CHARSET=utf8mb4;

-- AI対話ページの発言履歴です。
-- role=user はユーザー発言、role=assistant はAI回答を表し、notice/used_fallbackで外部AIフォールバック状態も残します。
CREATE TABLE IF NOT EXISTS ai_chat_messages (
  id BIGINT AUTO_INCREMENT PRIMARY KEY,
  thread_id BIGINT NOT NULL,
  role ENUM('user', 'assistant') NOT NULL,
  body TEXT NOT NULL,
  notice TEXT NULL,
  used_fallback BOOLEAN NOT NULL DEFAULT FALSE,
  created_at DATETIME NOT NULL DEFAULT CURRENT_TIMESTAMP,
  CONSTRAINT fk_ai_chat_messages_thread FOREIGN KEY (thread_id) REFERENCES ai_chat_threads(id) ON DELETE CASCADE,
  INDEX idx_ai_chat_messages_thread_created_at (thread_id, created_at)
) ENGINE=InnoDB DEFAULT CHARSET=utf8mb4;


-- ============================================================
-- デモ用初期データ
-- 4名のユーザーと20件の商品を初期投入します。
-- DBを作り直した直後でも、商品一覧・検索・おすすめ・出品履歴のデモができます。
--
-- 文字化け対策:
-- このファイル冒頭で SET NAMES utf8mb4 を実行しています。
-- さらに投入コマンドでも --default-character-set=utf8mb4 を付けると、
-- 日本語の商品名・説明・発送元・タグが正しく保存されます。
--
-- 商品カテゴリ、状態、受け渡し方法、サイズ、色は、
-- フロントエンド src/formOptions.ts のプルダウン候補に存在する値だけを使っています。
-- ============================================================

-- 【デモデータ投入】users に初期データを入れ、ログイン直後からデモできる状態を作ります。
INSERT INTO users (id, name, email, password_hash, balance_coins, sales_coins, rating_sum, rating_count, transaction_count, shipping_region, shipping_address) VALUES
  (1, 'user1', 'user1@example.com', '$2a$10$BE9RamaQzyRtrfg02DwGyuZzIEyamfWbmRyD0ywq6qvOsAUfM5azS', 500, 20000, 15, 3, 3, '東京都', '東京都文京区本郷1-1-1'),
  (2, 'user2', 'user2@example.com', '$2a$10$SbJUqn4yuDsuBPTOeWsSY.Y9g50XsRI/IV6wkgE43y6QZyGjAdKFm', 1000, 23500, 15, 3, 3, '千葉県', '千葉県千葉市中央区弁天1-1-1'),
  (3, 'user3', 'user3@example.com', '$2a$10$VcC9IuB8fsXuXQGp5U8E9O2iWORBJ14l1F65uAQshRY5iFixdbotq', 10000, 1000, 5, 1, 1, '神奈川県', '神奈川県横浜市西区みなとみらい1-1-1'),
  (4, 'user4', 'user4@example.com', '$2a$10$V3MIkZ/RZVdX2Q1YJT9wlOIBgO./YzVOIJIQr.tLlJuSJnvCW7NXi', 100000, 8000, 5, 1, 1, '埼玉県', '埼玉県さいたま市浦和区高砂1-1-1')
ON DUPLICATE KEY UPDATE name=VALUES(name), password_hash=VALUES(password_hash), balance_coins=VALUES(balance_coins), sales_coins=VALUES(sales_coins), rating_sum=VALUES(rating_sum), rating_count=VALUES(rating_count), transaction_count=VALUES(transaction_count), shipping_region=VALUES(shipping_region), shipping_address=VALUES(shipping_address);

-- 【デモデータ投入】items に初期データを入れ、ログイン直後からデモできる状態を作ります。
INSERT INTO items (id, product_code, seller_id, title, description, category, condition_text, price_yen, image_url, delivery_method, shipping_days, ship_from_region, size, color, tags, status) VALUES
  (1, 'DEMO-001', 1, '微分積分学の参考書', '大学初年級の微分積分を学び直せる参考書です。本文に数か所だけ鉛筆の書き込みがありますが、演習には問題なく使えます。', '本・教材', '目立った傷や汚れなし', 1200, JSON_ARRAY('data:image/svg+xml;base64,PHN2ZyB4bWxucz0iaHR0cDovL3d3dy53My5vcmcvMjAwMC9zdmciIHdpZHRoPSI2NDAiIGhlaWdodD0iNDIwIiB2aWV3Qm94PSIwIDAgNjQwIDQyMCI+CiAgPHJlY3Qgd2lkdGg9IjY0MCIgaGVpZ2h0PSI0MjAiIHJ4PSIyNCIgZmlsbD0iI2RiZWFmZSIvPgogIDxyZWN0IHg9IjQyIiB5PSI0MiIgd2lkdGg9IjU1NiIgaGVpZ2h0PSIzMzYiIHJ4PSIyOCIgZmlsbD0id2hpdGUiIGZpbGwtb3BhY2l0eT0iMC44OCIvPgogIDx0ZXh0IHg9IjUwJSIgeT0iNDIlIiBkb21pbmFudC1iYXNlbGluZT0ibWlkZGxlIiB0ZXh0LWFuY2hvcj0ibWlkZGxlIiBmb250LWZhbWlseT0iQXJpYWwsc2Fucy1zZXJpZiIgZm9udC1zaXplPSI0MiIgZm9udC13ZWlnaHQ9IjcwMCIgZmlsbD0iIzFmMjkzNyI+QUkgRmxlYSBNYXJrZXQ8L3RleHQ+CiAgPHRleHQgeD0iNTAlIiB5PSI1OCUiIGRvbWluYW50LWJhc2VsaW5lPSJtaWRkbGUiIHRleHQtYW5jaG9yPSJtaWRkbGUiIGZvbnQtZmFtaWx5PSJBcmlhbCxzYW5zLXNlcmlmIiBmb250LXNpemU9IjMwIiBmaWxsPSIjNDc1NTY5Ij5NYXRoIEJvb2s8L3RleHQ+CiAgPHRleHQgeD0iNTAlIiB5PSI3MiUiIGRvbWluYW50LWJhc2VsaW5lPSJtaWRkbGUiIHRleHQtYW5jaG9yPSJtaWRkbGUiIGZvbnQtZmFtaWx5PSJBcmlhbCxzYW5zLXNlcmlmIiBmb250LXNpemU9IjI0IiBmaWxsPSIjNjQ3NDhiIj5ERU1PLTAwMSBpbWFnZSBBPC90ZXh0Pgo8L3N2Zz4=', 'data:image/svg+xml;base64,PHN2ZyB4bWxucz0iaHR0cDovL3d3dy53My5vcmcvMjAwMC9zdmciIHdpZHRoPSI2NDAiIGhlaWdodD0iNDIwIiB2aWV3Qm94PSIwIDAgNjQwIDQyMCI+CiAgPHJlY3Qgd2lkdGg9IjY0MCIgaGVpZ2h0PSI0MjAiIHJ4PSIyNCIgZmlsbD0iI2YzZThmZiIvPgogIDxyZWN0IHg9IjQyIiB5PSI0MiIgd2lkdGg9IjU1NiIgaGVpZ2h0PSIzMzYiIHJ4PSIyOCIgZmlsbD0id2hpdGUiIGZpbGwtb3BhY2l0eT0iMC44OCIvPgogIDx0ZXh0IHg9IjUwJSIgeT0iNDIlIiBkb21pbmFudC1iYXNlbGluZT0ibWlkZGxlIiB0ZXh0LWFuY2hvcj0ibWlkZGxlIiBmb250LWZhbWlseT0iQXJpYWwsc2Fucy1zZXJpZiIgZm9udC1zaXplPSI0MiIgZm9udC13ZWlnaHQ9IjcwMCIgZmlsbD0iIzFmMjkzNyI+QUkgRmxlYSBNYXJrZXQ8L3RleHQ+CiAgPHRleHQgeD0iNTAlIiB5PSI1OCUiIGRvbWluYW50LWJhc2VsaW5lPSJtaWRkbGUiIHRleHQtYW5jaG9yPSJtaWRkbGUiIGZvbnQtZmFtaWx5PSJBcmlhbCxzYW5zLXNlcmlmIiBmb250LXNpemU9IjMwIiBmaWxsPSIjNDc1NTY5Ij5NYXRoIEJvb2s8L3RleHQ+CiAgPHRleHQgeD0iNTAlIiB5PSI3MiUiIGRvbWluYW50LWJhc2VsaW5lPSJtaWRkbGUiIHRleHQtYW5jaG9yPSJtaWRkbGUiIGZvbnQtZmFtaWx5PSJBcmlhbCxzYW5zLXNlcmlmIiBmb250LXNpemU9IjI0IiBmaWxsPSIjNjQ3NDhiIj5ERU1PLTAwMSBpbWFnZSBCPC90ZXh0Pgo8L3N2Zz4='), '配送のみ', 2, '東京都', '単行本', '白', '参考書,初学者向け,数学,大学受験', 'available'),
  (2, 'DEMO-002', 1, '線形代数の演習ノート', '授業内容を自分なりに整理した線形代数の演習ノートです。行列、固有値、ベクトル空間の復習に使いやすいです。', '本・教材', 'やや傷や汚れあり', 800, JSON_ARRAY('data:image/svg+xml;base64,PHN2ZyB4bWxucz0iaHR0cDovL3d3dy53My5vcmcvMjAwMC9zdmciIHdpZHRoPSI2NDAiIGhlaWdodD0iNDIwIiB2aWV3Qm94PSIwIDAgNjQwIDQyMCI+CiAgPHJlY3Qgd2lkdGg9IjY0MCIgaGVpZ2h0PSI0MjAiIHJ4PSIyNCIgZmlsbD0iI2RjZmNlNyIvPgogIDxyZWN0IHg9IjQyIiB5PSI0MiIgd2lkdGg9IjU1NiIgaGVpZ2h0PSIzMzYiIHJ4PSIyOCIgZmlsbD0id2hpdGUiIGZpbGwtb3BhY2l0eT0iMC44OCIvPgogIDx0ZXh0IHg9IjUwJSIgeT0iNDIlIiBkb21pbmFudC1iYXNlbGluZT0ibWlkZGxlIiB0ZXh0LWFuY2hvcj0ibWlkZGxlIiBmb250LWZhbWlseT0iQXJpYWwsc2Fucy1zZXJpZiIgZm9udC1zaXplPSI0MiIgZm9udC13ZWlnaHQ9IjcwMCIgZmlsbD0iIzFmMjkzNyI+QUkgRmxlYSBNYXJrZXQ8L3RleHQ+CiAgPHRleHQgeD0iNTAlIiB5PSI1OCUiIGRvbWluYW50LWJhc2VsaW5lPSJtaWRkbGUiIHRleHQtYW5jaG9yPSJtaWRkbGUiIGZvbnQtZmFtaWx5PSJBcmlhbCxzYW5zLXNlcmlmIiBmb250LXNpemU9IjMwIiBmaWxsPSIjNDc1NTY5Ij5MaW5lYXIgQWxnZWJyYTwvdGV4dD4KICA8dGV4dCB4PSI1MCUiIHk9IjcyJSIgZG9taW5hbnQtYmFzZWxpbmU9Im1pZGRsZSIgdGV4dC1hbmNob3I9Im1pZGRsZSIgZm9udC1mYW1pbHk9IkFyaWFsLHNhbnMtc2VyaWYiIGZvbnQtc2l6ZT0iMjQiIGZpbGw9IiM2NDc0OGIiPkRFTU8tMDAyIGltYWdlIEE8L3RleHQ+Cjwvc3ZnPg==', 'data:image/svg+xml;base64,PHN2ZyB4bWxucz0iaHR0cDovL3d3dy53My5vcmcvMjAwMC9zdmciIHdpZHRoPSI2NDAiIGhlaWdodD0iNDIwIiB2aWV3Qm94PSIwIDAgNjQwIDQyMCI+CiAgPHJlY3Qgd2lkdGg9IjY0MCIgaGVpZ2h0PSI0MjAiIHJ4PSIyNCIgZmlsbD0iI2ZlZTJlMiIvPgogIDxyZWN0IHg9IjQyIiB5PSI0MiIgd2lkdGg9IjU1NiIgaGVpZ2h0PSIzMzYiIHJ4PSIyOCIgZmlsbD0id2hpdGUiIGZpbGwtb3BhY2l0eT0iMC44OCIvPgogIDx0ZXh0IHg9IjUwJSIgeT0iNDIlIiBkb21pbmFudC1iYXNlbGluZT0ibWlkZGxlIiB0ZXh0LWFuY2hvcj0ibWlkZGxlIiBmb250LWZhbWlseT0iQXJpYWwsc2Fucy1zZXJpZiIgZm9udC1zaXplPSI0MiIgZm9udC13ZWlnaHQ9IjcwMCIgZmlsbD0iIzFmMjkzNyI+QUkgRmxlYSBNYXJrZXQ8L3RleHQ+CiAgPHRleHQgeD0iNTAlIiB5PSI1OCUiIGRvbWluYW50LWJhc2VsaW5lPSJtaWRkbGUiIHRleHQtYW5jaG9yPSJtaWRkbGUiIGZvbnQtZmFtaWx5PSJBcmlhbCxzYW5zLXNlcmlmIiBmb250LXNpemU9IjMwIiBmaWxsPSIjNDc1NTY5Ij5MaW5lYXIgQWxnZWJyYTwvdGV4dD4KICA8dGV4dCB4PSI1MCUiIHk9IjcyJSIgZG9taW5hbnQtYmFzZWxpbmU9Im1pZGRsZSIgdGV4dC1hbmNob3I9Im1pZGRsZSIgZm9udC1mYW1pbHk9IkFyaWFsLHNhbnMtc2VyaWYiIGZvbnQtc2l6ZT0iMjQiIGZpbGw9IiM2NDc0OGIiPkRFTU8tMDAyIGltYWdlIEI8L3RleHQ+Cjwvc3ZnPg=='), '学内受け渡し', 1, '東京都', 'A4', '青', '線形代数,演習ノート,数学,大学', 'available'),
  (3, 'DEMO-003', 1, 'USB-C急速充電器 30W', 'USB-C対応の小型急速充電器です。スマートフォンやタブレットの充電に使っていました。動作確認済みです。', 'スマホ・PC周辺機器', '目立った傷や汚れなし', 1500, JSON_ARRAY('data:image/svg+xml;base64,PHN2ZyB4bWxucz0iaHR0cDovL3d3dy53My5vcmcvMjAwMC9zdmciIHdpZHRoPSI2NDAiIGhlaWdodD0iNDIwIiB2aWV3Qm94PSIwIDAgNjQwIDQyMCI+CiAgPHJlY3Qgd2lkdGg9IjY0MCIgaGVpZ2h0PSI0MjAiIHJ4PSIyNCIgZmlsbD0iI2ZlZjNjNyIvPgogIDxyZWN0IHg9IjQyIiB5PSI0MiIgd2lkdGg9IjU1NiIgaGVpZ2h0PSIzMzYiIHJ4PSIyOCIgZmlsbD0id2hpdGUiIGZpbGwtb3BhY2l0eT0iMC44OCIvPgogIDx0ZXh0IHg9IjUwJSIgeT0iNDIlIiBkb21pbmFudC1iYXNlbGluZT0ibWlkZGxlIiB0ZXh0LWFuY2hvcj0ibWlkZGxlIiBmb250LWZhbWlseT0iQXJpYWwsc2Fucy1zZXJpZiIgZm9udC1zaXplPSI0MiIgZm9udC13ZWlnaHQ9IjcwMCIgZmlsbD0iIzFmMjkzNyI+QUkgRmxlYSBNYXJrZXQ8L3RleHQ+CiAgPHRleHQgeD0iNTAlIiB5PSI1OCUiIGRvbWluYW50LWJhc2VsaW5lPSJtaWRkbGUiIHRleHQtYW5jaG9yPSJtaWRkbGUiIGZvbnQtZmFtaWx5PSJBcmlhbCxzYW5zLXNlcmlmIiBmb250LXNpemU9IjMwIiBmaWxsPSIjNDc1NTY5Ij5VU0IgQ2hhcmdlcjwvdGV4dD4KICA8dGV4dCB4PSI1MCUiIHk9IjcyJSIgZG9taW5hbnQtYmFzZWxpbmU9Im1pZGRsZSIgdGV4dC1hbmNob3I9Im1pZGRsZSIgZm9udC1mYW1pbHk9IkFyaWFsLHNhbnMtc2VyaWYiIGZvbnQtc2l6ZT0iMjQiIGZpbGw9IiM2NDc0OGIiPkRFTU8tMDAzIGltYWdlIEE8L3RleHQ+Cjwvc3ZnPg==', 'data:image/svg+xml;base64,PHN2ZyB4bWxucz0iaHR0cDovL3d3dy53My5vcmcvMjAwMC9zdmciIHdpZHRoPSI2NDAiIGhlaWdodD0iNDIwIiB2aWV3Qm94PSIwIDAgNjQwIDQyMCI+CiAgPHJlY3Qgd2lkdGg9IjY0MCIgaGVpZ2h0PSI0MjAiIHJ4PSIyNCIgZmlsbD0iI2UwZjJmZSIvPgogIDxyZWN0IHg9IjQyIiB5PSI0MiIgd2lkdGg9IjU1NiIgaGVpZ2h0PSIzMzYiIHJ4PSIyOCIgZmlsbD0id2hpdGUiIGZpbGwtb3BhY2l0eT0iMC44OCIvPgogIDx0ZXh0IHg9IjUwJSIgeT0iNDIlIiBkb21pbmFudC1iYXNlbGluZT0ibWlkZGxlIiB0ZXh0LWFuY2hvcj0ibWlkZGxlIiBmb250LWZhbWlseT0iQXJpYWwsc2Fucy1zZXJpZiIgZm9udC1zaXplPSI0MiIgZm9udC13ZWlnaHQ9IjcwMCIgZmlsbD0iIzFmMjkzNyI+QUkgRmxlYSBNYXJrZXQ8L3RleHQ+CiAgPHRleHQgeD0iNTAlIiB5PSI1OCUiIGRvbWluYW50LWJhc2VsaW5lPSJtaWRkbGUiIHRleHQtYW5jaG9yPSJtaWRkbGUiIGZvbnQtZmFtaWx5PSJBcmlhbCxzYW5zLXNlcmlmIiBmb250LXNpemU9IjMwIiBmaWxsPSIjNDc1NTY5Ij5VU0IgQ2hhcmdlcjwvdGV4dD4KICA8dGV4dCB4PSI1MCUiIHk9IjcyJSIgZG9taW5hbnQtYmFzZWxpbmU9Im1pZGRsZSIgdGV4dC1hbmNob3I9Im1pZGRsZSIgZm9udC1mYW1pbHk9IkFyaWFsLHNhbnMtc2VyaWYiIGZvbnQtc2l6ZT0iMjQiIGZpbGw9IiM2NDc0OGIiPkRFTU8tMDAzIGltYWdlIEI8L3RleHQ+Cjwvc3ZnPg=='), '配送のみ', 2, '東京都', '小型', '白', '充電器,USB-C,スマホ,ガジェット', 'available'),
  (4, 'DEMO-004', 1, '折りたたみ傘 ネイビー', '通学用に使っていた軽量の折りたたみ傘です。骨に大きな歪みはなく、持ち歩き用に便利です。', '日用品・生活雑貨', 'やや傷や汚れあり', 700, JSON_ARRAY('data:image/svg+xml;base64,PHN2ZyB4bWxucz0iaHR0cDovL3d3dy53My5vcmcvMjAwMC9zdmciIHdpZHRoPSI2NDAiIGhlaWdodD0iNDIwIiB2aWV3Qm94PSIwIDAgNjQwIDQyMCI+CiAgPHJlY3Qgd2lkdGg9IjY0MCIgaGVpZ2h0PSI0MjAiIHJ4PSIyNCIgZmlsbD0iI2YzZThmZiIvPgogIDxyZWN0IHg9IjQyIiB5PSI0MiIgd2lkdGg9IjU1NiIgaGVpZ2h0PSIzMzYiIHJ4PSIyOCIgZmlsbD0id2hpdGUiIGZpbGwtb3BhY2l0eT0iMC44OCIvPgogIDx0ZXh0IHg9IjUwJSIgeT0iNDIlIiBkb21pbmFudC1iYXNlbGluZT0ibWlkZGxlIiB0ZXh0LWFuY2hvcj0ibWlkZGxlIiBmb250LWZhbWlseT0iQXJpYWwsc2Fucy1zZXJpZiIgZm9udC1zaXplPSI0MiIgZm9udC13ZWlnaHQ9IjcwMCIgZmlsbD0iIzFmMjkzNyI+QUkgRmxlYSBNYXJrZXQ8L3RleHQ+CiAgPHRleHQgeD0iNTAlIiB5PSI1OCUiIGRvbWluYW50LWJhc2VsaW5lPSJtaWRkbGUiIHRleHQtYW5jaG9yPSJtaWRkbGUiIGZvbnQtZmFtaWx5PSJBcmlhbCxzYW5zLXNlcmlmIiBmb250LXNpemU9IjMwIiBmaWxsPSIjNDc1NTY5Ij5VbWJyZWxsYTwvdGV4dD4KICA8dGV4dCB4PSI1MCUiIHk9IjcyJSIgZG9taW5hbnQtYmFzZWxpbmU9Im1pZGRsZSIgdGV4dC1hbmNob3I9Im1pZGRsZSIgZm9udC1mYW1pbHk9IkFyaWFsLHNhbnMtc2VyaWYiIGZvbnQtc2l6ZT0iMjQiIGZpbGw9IiM2NDc0OGIiPkRFTU8tMDA0IGltYWdlIEE8L3RleHQ+Cjwvc3ZnPg==', 'data:image/svg+xml;base64,PHN2ZyB4bWxucz0iaHR0cDovL3d3dy53My5vcmcvMjAwMC9zdmciIHdpZHRoPSI2NDAiIGhlaWdodD0iNDIwIiB2aWV3Qm94PSIwIDAgNjQwIDQyMCI+CiAgPHJlY3Qgd2lkdGg9IjY0MCIgaGVpZ2h0PSI0MjAiIHJ4PSIyNCIgZmlsbD0iI2VjZmNjYiIvPgogIDxyZWN0IHg9IjQyIiB5PSI0MiIgd2lkdGg9IjU1NiIgaGVpZ2h0PSIzMzYiIHJ4PSIyOCIgZmlsbD0id2hpdGUiIGZpbGwtb3BhY2l0eT0iMC44OCIvPgogIDx0ZXh0IHg9IjUwJSIgeT0iNDIlIiBkb21pbmFudC1iYXNlbGluZT0ibWlkZGxlIiB0ZXh0LWFuY2hvcj0ibWlkZGxlIiBmb250LWZhbWlseT0iQXJpYWwsc2Fucy1zZXJpZiIgZm9udC1zaXplPSI0MiIgZm9udC13ZWlnaHQ9IjcwMCIgZmlsbD0iIzFmMjkzNyI+QUkgRmxlYSBNYXJrZXQ8L3RleHQ+CiAgPHRleHQgeD0iNTAlIiB5PSI1OCUiIGRvbWluYW50LWJhc2VsaW5lPSJtaWRkbGUiIHRleHQtYW5jaG9yPSJtaWRkbGUiIGZvbnQtZmFtaWx5PSJBcmlhbCxzYW5zLXNlcmlmIiBmb250LXNpemU9IjMwIiBmaWxsPSIjNDc1NTY5Ij5VbWJyZWxsYTwvdGV4dD4KICA8dGV4dCB4PSI1MCUiIHk9IjcyJSIgZG9taW5hbnQtYmFzZWxpbmU9Im1pZGRsZSIgdGV4dC1hbmNob3I9Im1pZGRsZSIgZm9udC1mYW1pbHk9IkFyaWFsLHNhbnMtc2VyaWYiIGZvbnQtc2l6ZT0iMjQiIGZpbGw9IiM2NDc0OGIiPkRFTU8tMDA0IGltYWdlIEI8L3RleHQ+Cjwvc3ZnPg=='), '対面・配送相談', 2, '東京都', '小型', 'ネイビー', '傘,日用品,雨具,折りたたみ', 'available'),
  (5, 'DEMO-005', 1, 'アコースティックギター用カポ', 'アコースティックギターで使えるカポタストです。自宅練習で数回使用しました。バネの動きは問題ありません。', '音楽・楽器', '目立った傷や汚れなし', 900, JSON_ARRAY('data:image/svg+xml;base64,PHN2ZyB4bWxucz0iaHR0cDovL3d3dy53My5vcmcvMjAwMC9zdmciIHdpZHRoPSI2NDAiIGhlaWdodD0iNDIwIiB2aWV3Qm94PSIwIDAgNjQwIDQyMCI+CiAgPHJlY3Qgd2lkdGg9IjY0MCIgaGVpZ2h0PSI0MjAiIHJ4PSIyNCIgZmlsbD0iI2ZlZTJlMiIvPgogIDxyZWN0IHg9IjQyIiB5PSI0MiIgd2lkdGg9IjU1NiIgaGVpZ2h0PSIzMzYiIHJ4PSIyOCIgZmlsbD0id2hpdGUiIGZpbGwtb3BhY2l0eT0iMC44OCIvPgogIDx0ZXh0IHg9IjUwJSIgeT0iNDIlIiBkb21pbmFudC1iYXNlbGluZT0ibWlkZGxlIiB0ZXh0LWFuY2hvcj0ibWlkZGxlIiBmb250LWZhbWlseT0iQXJpYWwsc2Fucy1zZXJpZiIgZm9udC1zaXplPSI0MiIgZm9udC13ZWlnaHQ9IjcwMCIgZmlsbD0iIzFmMjkzNyI+QUkgRmxlYSBNYXJrZXQ8L3RleHQ+CiAgPHRleHQgeD0iNTAlIiB5PSI1OCUiIGRvbWluYW50LWJhc2VsaW5lPSJtaWRkbGUiIHRleHQtYW5jaG9yPSJtaWRkbGUiIGZvbnQtZmFtaWx5PSJBcmlhbCxzYW5zLXNlcmlmIiBmb250LXNpemU9IjMwIiBmaWxsPSIjNDc1NTY5Ij5HdWl0YXIgQ2FwbzwvdGV4dD4KICA8dGV4dCB4PSI1MCUiIHk9IjcyJSIgZG9taW5hbnQtYmFzZWxpbmU9Im1pZGRsZSIgdGV4dC1hbmNob3I9Im1pZGRsZSIgZm9udC1mYW1pbHk9IkFyaWFsLHNhbnMtc2VyaWYiIGZvbnQtc2l6ZT0iMjQiIGZpbGw9IiM2NDc0OGIiPkRFTU8tMDA1IGltYWdlIEE8L3RleHQ+Cjwvc3ZnPg==', 'data:image/svg+xml;base64,PHN2ZyB4bWxucz0iaHR0cDovL3d3dy53My5vcmcvMjAwMC9zdmciIHdpZHRoPSI2NDAiIGhlaWdodD0iNDIwIiB2aWV3Qm94PSIwIDAgNjQwIDQyMCI+CiAgPHJlY3Qgd2lkdGg9IjY0MCIgaGVpZ2h0PSI0MjAiIHJ4PSIyNCIgZmlsbD0iI2ZmZWRkNSIvPgogIDxyZWN0IHg9IjQyIiB5PSI0MiIgd2lkdGg9IjU1NiIgaGVpZ2h0PSIzMzYiIHJ4PSIyOCIgZmlsbD0id2hpdGUiIGZpbGwtb3BhY2l0eT0iMC44OCIvPgogIDx0ZXh0IHg9IjUwJSIgeT0iNDIlIiBkb21pbmFudC1iYXNlbGluZT0ibWlkZGxlIiB0ZXh0LWFuY2hvcj0ibWlkZGxlIiBmb250LWZhbWlseT0iQXJpYWwsc2Fucy1zZXJpZiIgZm9udC1zaXplPSI0MiIgZm9udC13ZWlnaHQ9IjcwMCIgZmlsbD0iIzFmMjkzNyI+QUkgRmxlYSBNYXJrZXQ8L3RleHQ+CiAgPHRleHQgeD0iNTAlIiB5PSI1OCUiIGRvbWluYW50LWJhc2VsaW5lPSJtaWRkbGUiIHRleHQtYW5jaG9yPSJtaWRkbGUiIGZvbnQtZmFtaWx5PSJBcmlhbCxzYW5zLXNlcmlmIiBmb250LXNpemU9IjMwIiBmaWxsPSIjNDc1NTY5Ij5HdWl0YXIgQ2FwbzwvdGV4dD4KICA8dGV4dCB4PSI1MCUiIHk9IjcyJSIgZG9taW5hbnQtYmFzZWxpbmU9Im1pZGRsZSIgdGV4dC1hbmNob3I9Im1pZGRsZSIgZm9udC1mYW1pbHk9IkFyaWFsLHNhbnMtc2VyaWYiIGZvbnQtc2l6ZT0iMjQiIGZpbGw9IiM2NDc0OGIiPkRFTU8tMDA1IGltYWdlIEI8L3RleHQ+Cjwvc3ZnPg=='), '配送のみ', 2, '東京都', '小型', '黒', 'ギター,カポ,楽器,音楽', 'available'),
  (6, 'DEMO-006', 2, 'スニーカー 26cm ホワイト', '普段使いしやすい白のスニーカーです。数回履いたため靴底に使用感がありますが、まだ十分使えます。', 'ファッション', 'やや傷や汚れあり', 2000, JSON_ARRAY('data:image/svg+xml;base64,PHN2ZyB4bWxucz0iaHR0cDovL3d3dy53My5vcmcvMjAwMC9zdmciIHdpZHRoPSI2NDAiIGhlaWdodD0iNDIwIiB2aWV3Qm94PSIwIDAgNjQwIDQyMCI+CiAgPHJlY3Qgd2lkdGg9IjY0MCIgaGVpZ2h0PSI0MjAiIHJ4PSIyNCIgZmlsbD0iI2UwZjJmZSIvPgogIDxyZWN0IHg9IjQyIiB5PSI0MiIgd2lkdGg9IjU1NiIgaGVpZ2h0PSIzMzYiIHJ4PSIyOCIgZmlsbD0id2hpdGUiIGZpbGwtb3BhY2l0eT0iMC44OCIvPgogIDx0ZXh0IHg9IjUwJSIgeT0iNDIlIiBkb21pbmFudC1iYXNlbGluZT0ibWlkZGxlIiB0ZXh0LWFuY2hvcj0ibWlkZGxlIiBmb250LWZhbWlseT0iQXJpYWwsc2Fucy1zZXJpZiIgZm9udC1zaXplPSI0MiIgZm9udC13ZWlnaHQ9IjcwMCIgZmlsbD0iIzFmMjkzNyI+QUkgRmxlYSBNYXJrZXQ8L3RleHQ+CiAgPHRleHQgeD0iNTAlIiB5PSI1OCUiIGRvbWluYW50LWJhc2VsaW5lPSJtaWRkbGUiIHRleHQtYW5jaG9yPSJtaWRkbGUiIGZvbnQtZmFtaWx5PSJBcmlhbCxzYW5zLXNlcmlmIiBmb250LXNpemU9IjMwIiBmaWxsPSIjNDc1NTY5Ij5TbmVha2VyczwvdGV4dD4KICA8dGV4dCB4PSI1MCUiIHk9IjcyJSIgZG9taW5hbnQtYmFzZWxpbmU9Im1pZGRsZSIgdGV4dC1hbmNob3I9Im1pZGRsZSIgZm9udC1mYW1pbHk9IkFyaWFsLHNhbnMtc2VyaWYiIGZvbnQtc2l6ZT0iMjQiIGZpbGw9IiM2NDc0OGIiPkRFTU8tMDA2IGltYWdlIEE8L3RleHQ+Cjwvc3ZnPg==', 'data:image/svg+xml;base64,PHN2ZyB4bWxucz0iaHR0cDovL3d3dy53My5vcmcvMjAwMC9zdmciIHdpZHRoPSI2NDAiIGhlaWdodD0iNDIwIiB2aWV3Qm94PSIwIDAgNjQwIDQyMCI+CiAgPHJlY3Qgd2lkdGg9IjY0MCIgaGVpZ2h0PSI0MjAiIHJ4PSIyNCIgZmlsbD0iI2VkZTlmZSIvPgogIDxyZWN0IHg9IjQyIiB5PSI0MiIgd2lkdGg9IjU1NiIgaGVpZ2h0PSIzMzYiIHJ4PSIyOCIgZmlsbD0id2hpdGUiIGZpbGwtb3BhY2l0eT0iMC44OCIvPgogIDx0ZXh0IHg9IjUwJSIgeT0iNDIlIiBkb21pbmFudC1iYXNlbGluZT0ibWlkZGxlIiB0ZXh0LWFuY2hvcj0ibWlkZGxlIiBmb250LWZhbWlseT0iQXJpYWwsc2Fucy1zZXJpZiIgZm9udC1zaXplPSI0MiIgZm9udC13ZWlnaHQ9IjcwMCIgZmlsbD0iIzFmMjkzNyI+QUkgRmxlYSBNYXJrZXQ8L3RleHQ+CiAgPHRleHQgeD0iNTAlIiB5PSI1OCUiIGRvbWluYW50LWJhc2VsaW5lPSJtaWRkbGUiIHRleHQtYW5jaG9yPSJtaWRkbGUiIGZvbnQtZmFtaWx5PSJBcmlhbCxzYW5zLXNlcmlmIiBmb250LXNpemU9IjMwIiBmaWxsPSIjNDc1NTY5Ij5TbmVha2VyczwvdGV4dD4KICA8dGV4dCB4PSI1MCUiIHk9IjcyJSIgZG9taW5hbnQtYmFzZWxpbmU9Im1pZGRsZSIgdGV4dC1hbmNob3I9Im1pZGRsZSIgZm9udC1mYW1pbHk9IkFyaWFsLHNhbnMtc2VyaWYiIGZvbnQtc2l6ZT0iMjQiIGZpbGw9IiM2NDc0OGIiPkRFTU8tMDA2IGltYWdlIEI8L3RleHQ+Cjwvc3ZnPg=='), '対面受け渡し', 2, '千葉県', '26cm', '白', 'スニーカー,靴,26cm,ファッション', 'available'),
  (7, 'DEMO-007', 2, '小型デスクライト', '勉強机で使っていたLEDデスクライトです。明るさ調整ができ、オンライン授業や自習に便利です。', '家具・インテリア', '目立った傷や汚れなし', 1000, JSON_ARRAY('data:image/svg+xml;base64,PHN2ZyB4bWxucz0iaHR0cDovL3d3dy53My5vcmcvMjAwMC9zdmciIHdpZHRoPSI2NDAiIGhlaWdodD0iNDIwIiB2aWV3Qm94PSIwIDAgNjQwIDQyMCI+CiAgPHJlY3Qgd2lkdGg9IjY0MCIgaGVpZ2h0PSI0MjAiIHJ4PSIyNCIgZmlsbD0iI2VjZmNjYiIvPgogIDxyZWN0IHg9IjQyIiB5PSI0MiIgd2lkdGg9IjU1NiIgaGVpZ2h0PSIzMzYiIHJ4PSIyOCIgZmlsbD0id2hpdGUiIGZpbGwtb3BhY2l0eT0iMC44OCIvPgogIDx0ZXh0IHg9IjUwJSIgeT0iNDIlIiBkb21pbmFudC1iYXNlbGluZT0ibWlkZGxlIiB0ZXh0LWFuY2hvcj0ibWlkZGxlIiBmb250LWZhbWlseT0iQXJpYWwsc2Fucy1zZXJpZiIgZm9udC1zaXplPSI0MiIgZm9udC13ZWlnaHQ9IjcwMCIgZmlsbD0iIzFmMjkzNyI+QUkgRmxlYSBNYXJrZXQ8L3RleHQ+CiAgPHRleHQgeD0iNTAlIiB5PSI1OCUiIGRvbWluYW50LWJhc2VsaW5lPSJtaWRkbGUiIHRleHQtYW5jaG9yPSJtaWRkbGUiIGZvbnQtZmFtaWx5PSJBcmlhbCxzYW5zLXNlcmlmIiBmb250LXNpemU9IjMwIiBmaWxsPSIjNDc1NTY5Ij5EZXNrIExpZ2h0PC90ZXh0PgogIDx0ZXh0IHg9IjUwJSIgeT0iNzIlIiBkb21pbmFudC1iYXNlbGluZT0ibWlkZGxlIiB0ZXh0LWFuY2hvcj0ibWlkZGxlIiBmb250LWZhbWlseT0iQXJpYWwsc2Fucy1zZXJpZiIgZm9udC1zaXplPSIyNCIgZmlsbD0iIzY0NzQ4YiI+REVNTy0wMDcgaW1hZ2UgQTwvdGV4dD4KPC9zdmc+', 'data:image/svg+xml;base64,PHN2ZyB4bWxucz0iaHR0cDovL3d3dy53My5vcmcvMjAwMC9zdmciIHdpZHRoPSI2NDAiIGhlaWdodD0iNDIwIiB2aWV3Qm94PSIwIDAgNjQwIDQyMCI+CiAgPHJlY3Qgd2lkdGg9IjY0MCIgaGVpZ2h0PSI0MjAiIHJ4PSIyNCIgZmlsbD0iI2NmZmFmZSIvPgogIDxyZWN0IHg9IjQyIiB5PSI0MiIgd2lkdGg9IjU1NiIgaGVpZ2h0PSIzMzYiIHJ4PSIyOCIgZmlsbD0id2hpdGUiIGZpbGwtb3BhY2l0eT0iMC44OCIvPgogIDx0ZXh0IHg9IjUwJSIgeT0iNDIlIiBkb21pbmFudC1iYXNlbGluZT0ibWlkZGxlIiB0ZXh0LWFuY2hvcj0ibWlkZGxlIiBmb250LWZhbWlseT0iQXJpYWwsc2Fucy1zZXJpZiIgZm9udC1zaXplPSI0MiIgZm9udC13ZWlnaHQ9IjcwMCIgZmlsbD0iIzFmMjkzNyI+QUkgRmxlYSBNYXJrZXQ8L3RleHQ+CiAgPHRleHQgeD0iNTAlIiB5PSI1OCUiIGRvbWluYW50LWJhc2VsaW5lPSJtaWRkbGUiIHRleHQtYW5jaG9yPSJtaWRkbGUiIGZvbnQtZmFtaWx5PSJBcmlhbCxzYW5zLXNlcmlmIiBmb250LXNpemU9IjMwIiBmaWxsPSIjNDc1NTY5Ij5EZXNrIExpZ2h0PC90ZXh0PgogIDx0ZXh0IHg9IjUwJSIgeT0iNzIlIiBkb21pbmFudC1iYXNlbGluZT0ibWlkZGxlIiB0ZXh0LWFuY2hvcj0ibWlkZGxlIiBmb250LWZhbWlseT0iQXJpYWwsc2Fucy1zZXJpZiIgZm9udC1zaXplPSIyNCIgZmlsbD0iIzY0NzQ4YiI+REVNTy0wMDcgaW1hZ2UgQjwvdGV4dD4KPC9zdmc+'), '対面・配送相談', 3, '千葉県', '小型', '白', 'デスクライト,照明,家具,勉強机', 'available'),
  (8, 'DEMO-008', 2, 'ハンドクリーム 未開封', '未開封のハンドクリームです。香りは控えめで、持ち歩きにも使いやすいサイズです。', '美容・コスメ', '新品・未使用', 900, JSON_ARRAY('data:image/svg+xml;base64,PHN2ZyB4bWxucz0iaHR0cDovL3d3dy53My5vcmcvMjAwMC9zdmciIHdpZHRoPSI2NDAiIGhlaWdodD0iNDIwIiB2aWV3Qm94PSIwIDAgNjQwIDQyMCI+CiAgPHJlY3Qgd2lkdGg9IjY0MCIgaGVpZ2h0PSI0MjAiIHJ4PSIyNCIgZmlsbD0iI2ZmZWRkNSIvPgogIDxyZWN0IHg9IjQyIiB5PSI0MiIgd2lkdGg9IjU1NiIgaGVpZ2h0PSIzMzYiIHJ4PSIyOCIgZmlsbD0id2hpdGUiIGZpbGwtb3BhY2l0eT0iMC44OCIvPgogIDx0ZXh0IHg9IjUwJSIgeT0iNDIlIiBkb21pbmFudC1iYXNlbGluZT0ibWlkZGxlIiB0ZXh0LWFuY2hvcj0ibWlkZGxlIiBmb250LWZhbWlseT0iQXJpYWwsc2Fucy1zZXJpZiIgZm9udC1zaXplPSI0MiIgZm9udC13ZWlnaHQ9IjcwMCIgZmlsbD0iIzFmMjkzNyI+QUkgRmxlYSBNYXJrZXQ8L3RleHQ+CiAgPHRleHQgeD0iNTAlIiB5PSI1OCUiIGRvbWluYW50LWJhc2VsaW5lPSJtaWRkbGUiIHRleHQtYW5jaG9yPSJtaWRkbGUiIGZvbnQtZmFtaWx5PSJBcmlhbCxzYW5zLXNlcmlmIiBmb250LXNpemU9IjMwIiBmaWxsPSIjNDc1NTY5Ij5IYW5kIENyZWFtPC90ZXh0PgogIDx0ZXh0IHg9IjUwJSIgeT0iNzIlIiBkb21pbmFudC1iYXNlbGluZT0ibWlkZGxlIiB0ZXh0LWFuY2hvcj0ibWlkZGxlIiBmb250LWZhbWlseT0iQXJpYWwsc2Fucy1zZXJpZiIgZm9udC1zaXplPSIyNCIgZmlsbD0iIzY0NzQ4YiI+REVNTy0wMDggaW1hZ2UgQTwvdGV4dD4KPC9zdmc+', 'data:image/svg+xml;base64,PHN2ZyB4bWxucz0iaHR0cDovL3d3dy53My5vcmcvMjAwMC9zdmciIHdpZHRoPSI2NDAiIGhlaWdodD0iNDIwIiB2aWV3Qm94PSIwIDAgNjQwIDQyMCI+CiAgPHJlY3Qgd2lkdGg9IjY0MCIgaGVpZ2h0PSI0MjAiIHJ4PSIyNCIgZmlsbD0iI2RiZWFmZSIvPgogIDxyZWN0IHg9IjQyIiB5PSI0MiIgd2lkdGg9IjU1NiIgaGVpZ2h0PSIzMzYiIHJ4PSIyOCIgZmlsbD0id2hpdGUiIGZpbGwtb3BhY2l0eT0iMC44OCIvPgogIDx0ZXh0IHg9IjUwJSIgeT0iNDIlIiBkb21pbmFudC1iYXNlbGluZT0ibWlkZGxlIiB0ZXh0LWFuY2hvcj0ibWlkZGxlIiBmb250LWZhbWlseT0iQXJpYWwsc2Fucy1zZXJpZiIgZm9udC1zaXplPSI0MiIgZm9udC13ZWlnaHQ9IjcwMCIgZmlsbD0iIzFmMjkzNyI+QUkgRmxlYSBNYXJrZXQ8L3RleHQ+CiAgPHRleHQgeD0iNTAlIiB5PSI1OCUiIGRvbWluYW50LWJhc2VsaW5lPSJtaWRkbGUiIHRleHQtYW5jaG9yPSJtaWRkbGUiIGZvbnQtZmFtaWx5PSJBcmlhbCxzYW5zLXNlcmlmIiBmb250LXNpemU9IjMwIiBmaWxsPSIjNDc1NTY5Ij5IYW5kIENyZWFtPC90ZXh0PgogIDx0ZXh0IHg9IjUwJSIgeT0iNzIlIiBkb21pbmFudC1iYXNlbGluZT0ibWlkZGxlIiB0ZXh0LWFuY2hvcj0ibWlkZGxlIiBmb250LWZhbWlseT0iQXJpYWwsc2Fucy1zZXJpZiIgZm9udC1zaXplPSIyNCIgZmlsbD0iIzY0NzQ4YiI+REVNTy0wMDggaW1hZ2UgQjwvdGV4dD4KPC9zdmc+'), '配送のみ', 2, '千葉県', '小型', 'ピンク', 'ハンドクリーム,コスメ,未開封,美容', 'available'),
  (9, 'DEMO-009', 2, 'ランニング用Tシャツ Mサイズ', '軽い運動やランニングに使いやすい速乾素材のTシャツです。洗濯済みで、目立つ汚れはありません。', 'スポーツ・アウトドア', '目立った傷や汚れなし', 1300, JSON_ARRAY('data:image/svg+xml;base64,PHN2ZyB4bWxucz0iaHR0cDovL3d3dy53My5vcmcvMjAwMC9zdmciIHdpZHRoPSI2NDAiIGhlaWdodD0iNDIwIiB2aWV3Qm94PSIwIDAgNjQwIDQyMCI+CiAgPHJlY3Qgd2lkdGg9IjY0MCIgaGVpZ2h0PSI0MjAiIHJ4PSIyNCIgZmlsbD0iI2VkZTlmZSIvPgogIDxyZWN0IHg9IjQyIiB5PSI0MiIgd2lkdGg9IjU1NiIgaGVpZ2h0PSIzMzYiIHJ4PSIyOCIgZmlsbD0id2hpdGUiIGZpbGwtb3BhY2l0eT0iMC44OCIvPgogIDx0ZXh0IHg9IjUwJSIgeT0iNDIlIiBkb21pbmFudC1iYXNlbGluZT0ibWlkZGxlIiB0ZXh0LWFuY2hvcj0ibWlkZGxlIiBmb250LWZhbWlseT0iQXJpYWwsc2Fucy1zZXJpZiIgZm9udC1zaXplPSI0MiIgZm9udC13ZWlnaHQ9IjcwMCIgZmlsbD0iIzFmMjkzNyI+QUkgRmxlYSBNYXJrZXQ8L3RleHQ+CiAgPHRleHQgeD0iNTAlIiB5PSI1OCUiIGRvbWluYW50LWJhc2VsaW5lPSJtaWRkbGUiIHRleHQtYW5jaG9yPSJtaWRkbGUiIGZvbnQtZmFtaWx5PSJBcmlhbCxzYW5zLXNlcmlmIiBmb250LXNpemU9IjMwIiBmaWxsPSIjNDc1NTY5Ij5SdW5uaW5nIFNoaXJ0PC90ZXh0PgogIDx0ZXh0IHg9IjUwJSIgeT0iNzIlIiBkb21pbmFudC1iYXNlbGluZT0ibWlkZGxlIiB0ZXh0LWFuY2hvcj0ibWlkZGxlIiBmb250LWZhbWlseT0iQXJpYWwsc2Fucy1zZXJpZiIgZm9udC1zaXplPSIyNCIgZmlsbD0iIzY0NzQ4YiI+REVNTy0wMDkgaW1hZ2UgQTwvdGV4dD4KPC9zdmc+', 'data:image/svg+xml;base64,PHN2ZyB4bWxucz0iaHR0cDovL3d3dy53My5vcmcvMjAwMC9zdmciIHdpZHRoPSI2NDAiIGhlaWdodD0iNDIwIiB2aWV3Qm94PSIwIDAgNjQwIDQyMCI+CiAgPHJlY3Qgd2lkdGg9IjY0MCIgaGVpZ2h0PSI0MjAiIHJ4PSIyNCIgZmlsbD0iI2RjZmNlNyIvPgogIDxyZWN0IHg9IjQyIiB5PSI0MiIgd2lkdGg9IjU1NiIgaGVpZ2h0PSIzMzYiIHJ4PSIyOCIgZmlsbD0id2hpdGUiIGZpbGwtb3BhY2l0eT0iMC44OCIvPgogIDx0ZXh0IHg9IjUwJSIgeT0iNDIlIiBkb21pbmFudC1iYXNlbGluZT0ibWlkZGxlIiB0ZXh0LWFuY2hvcj0ibWlkZGxlIiBmb250LWZhbWlseT0iQXJpYWwsc2Fucy1zZXJpZiIgZm9udC1zaXplPSI0MiIgZm9udC13ZWlnaHQ9IjcwMCIgZmlsbD0iIzFmMjkzNyI+QUkgRmxlYSBNYXJrZXQ8L3RleHQ+CiAgPHRleHQgeD0iNTAlIiB5PSI1OCUiIGRvbWluYW50LWJhc2VsaW5lPSJtaWRkbGUiIHRleHQtYW5jaG9yPSJtaWRkbGUiIGZvbnQtZmFtaWx5PSJBcmlhbCxzYW5zLXNlcmlmIiBmb250LXNpemU9IjMwIiBmaWxsPSIjNDc1NTY5Ij5SdW5uaW5nIFNoaXJ0PC90ZXh0PgogIDx0ZXh0IHg9IjUwJSIgeT0iNzIlIiBkb21pbmFudC1iYXNlbGluZT0ibWlkZGxlIiB0ZXh0LWFuY2hvcj0ibWlkZGxlIiBmb250LWZhbWlseT0iQXJpYWwsc2Fucy1zZXJpZiIgZm9udC1zaXplPSIyNCIgZmlsbD0iIzY0NzQ4YiI+REVNTy0wMDkgaW1hZ2UgQjwvdGV4dD4KPC9zdmc+'), '配送のみ', 2, '千葉県', 'M', '黒', 'スポーツ,Tシャツ,ランニング,Mサイズ', 'available'),
  (10, 'DEMO-010', 2, 'カードゲーム入門セット', '友人と遊ぶために購入したカードゲームのセットです。説明書付きで、初めてでも遊びやすい内容です。', 'ゲーム・ホビー', '目立った傷や汚れなし', 1600, JSON_ARRAY('data:image/svg+xml;base64,PHN2ZyB4bWxucz0iaHR0cDovL3d3dy53My5vcmcvMjAwMC9zdmciIHdpZHRoPSI2NDAiIGhlaWdodD0iNDIwIiB2aWV3Qm94PSIwIDAgNjQwIDQyMCI+CiAgPHJlY3Qgd2lkdGg9IjY0MCIgaGVpZ2h0PSI0MjAiIHJ4PSIyNCIgZmlsbD0iI2NmZmFmZSIvPgogIDxyZWN0IHg9IjQyIiB5PSI0MiIgd2lkdGg9IjU1NiIgaGVpZ2h0PSIzMzYiIHJ4PSIyOCIgZmlsbD0id2hpdGUiIGZpbGwtb3BhY2l0eT0iMC44OCIvPgogIDx0ZXh0IHg9IjUwJSIgeT0iNDIlIiBkb21pbmFudC1iYXNlbGluZT0ibWlkZGxlIiB0ZXh0LWFuY2hvcj0ibWlkZGxlIiBmb250LWZhbWlseT0iQXJpYWwsc2Fucy1zZXJpZiIgZm9udC1zaXplPSI0MiIgZm9udC13ZWlnaHQ9IjcwMCIgZmlsbD0iIzFmMjkzNyI+QUkgRmxlYSBNYXJrZXQ8L3RleHQ+CiAgPHRleHQgeD0iNTAlIiB5PSI1OCUiIGRvbWluYW50LWJhc2VsaW5lPSJtaWRkbGUiIHRleHQtYW5jaG9yPSJtaWRkbGUiIGZvbnQtZmFtaWx5PSJBcmlhbCxzYW5zLXNlcmlmIiBmb250LXNpemU9IjMwIiBmaWxsPSIjNDc1NTY5Ij5DYXJkIEdhbWU8L3RleHQ+CiAgPHRleHQgeD0iNTAlIiB5PSI3MiUiIGRvbWluYW50LWJhc2VsaW5lPSJtaWRkbGUiIHRleHQtYW5jaG9yPSJtaWRkbGUiIGZvbnQtZmFtaWx5PSJBcmlhbCxzYW5zLXNlcmlmIiBmb250LXNpemU9IjI0IiBmaWxsPSIjNjQ3NDhiIj5ERU1PLTAxMCBpbWFnZSBBPC90ZXh0Pgo8L3N2Zz4=', 'data:image/svg+xml;base64,PHN2ZyB4bWxucz0iaHR0cDovL3d3dy53My5vcmcvMjAwMC9zdmciIHdpZHRoPSI2NDAiIGhlaWdodD0iNDIwIiB2aWV3Qm94PSIwIDAgNjQwIDQyMCI+CiAgPHJlY3Qgd2lkdGg9IjY0MCIgaGVpZ2h0PSI0MjAiIHJ4PSIyNCIgZmlsbD0iI2ZlZjNjNyIvPgogIDxyZWN0IHg9IjQyIiB5PSI0MiIgd2lkdGg9IjU1NiIgaGVpZ2h0PSIzMzYiIHJ4PSIyOCIgZmlsbD0id2hpdGUiIGZpbGwtb3BhY2l0eT0iMC44OCIvPgogIDx0ZXh0IHg9IjUwJSIgeT0iNDIlIiBkb21pbmFudC1iYXNlbGluZT0ibWlkZGxlIiB0ZXh0LWFuY2hvcj0ibWlkZGxlIiBmb250LWZhbWlseT0iQXJpYWwsc2Fucy1zZXJpZiIgZm9udC1zaXplPSI0MiIgZm9udC13ZWlnaHQ9IjcwMCIgZmlsbD0iIzFmMjkzNyI+QUkgRmxlYSBNYXJrZXQ8L3RleHQ+CiAgPHRleHQgeD0iNTAlIiB5PSI1OCUiIGRvbWluYW50LWJhc2VsaW5lPSJtaWRkbGUiIHRleHQtYW5jaG9yPSJtaWRkbGUiIGZvbnQtZmFtaWx5PSJBcmlhbCxzYW5zLXNlcmlmIiBmb250LXNpemU9IjMwIiBmaWxsPSIjNDc1NTY5Ij5DYXJkIEdhbWU8L3RleHQ+CiAgPHRleHQgeD0iNTAlIiB5PSI3MiUiIGRvbWluYW50LWJhc2VsaW5lPSJtaWRkbGUiIHRleHQtYW5jaG9yPSJtaWRkbGUiIGZvbnQtZmFtaWx5PSJBcmlhbCxzYW5zLXNlcmlmIiBmb250LXNpemU9IjI0IiBmaWxsPSIjNjQ3NDhiIj5ERU1PLTAxMCBpbWFnZSBCPC90ZXh0Pgo8L3N2Zz4='), '配送のみ', 2, '千葉県', '小型', 'その他', 'カードゲーム,ボードゲーム,ホビー', 'available'),
  (11, 'DEMO-011', 3, '大学受験用の英単語帳', '受験英語の基礎固めに使える英単語帳です。赤シートはありませんが、本文は読みやすい状態です。', '本・教材', 'やや傷や汚れあり', 500, JSON_ARRAY('data:image/svg+xml;base64,PHN2ZyB4bWxucz0iaHR0cDovL3d3dy53My5vcmcvMjAwMC9zdmciIHdpZHRoPSI2NDAiIGhlaWdodD0iNDIwIiB2aWV3Qm94PSIwIDAgNjQwIDQyMCI+CiAgPHJlY3Qgd2lkdGg9IjY0MCIgaGVpZ2h0PSI0MjAiIHJ4PSIyNCIgZmlsbD0iI2RiZWFmZSIvPgogIDxyZWN0IHg9IjQyIiB5PSI0MiIgd2lkdGg9IjU1NiIgaGVpZ2h0PSIzMzYiIHJ4PSIyOCIgZmlsbD0id2hpdGUiIGZpbGwtb3BhY2l0eT0iMC44OCIvPgogIDx0ZXh0IHg9IjUwJSIgeT0iNDIlIiBkb21pbmFudC1iYXNlbGluZT0ibWlkZGxlIiB0ZXh0LWFuY2hvcj0ibWlkZGxlIiBmb250LWZhbWlseT0iQXJpYWwsc2Fucy1zZXJpZiIgZm9udC1zaXplPSI0MiIgZm9udC13ZWlnaHQ9IjcwMCIgZmlsbD0iIzFmMjkzNyI+QUkgRmxlYSBNYXJrZXQ8L3RleHQ+CiAgPHRleHQgeD0iNTAlIiB5PSI1OCUiIGRvbWluYW50LWJhc2VsaW5lPSJtaWRkbGUiIHRleHQtYW5jaG9yPSJtaWRkbGUiIGZvbnQtZmFtaWx5PSJBcmlhbCxzYW5zLXNlcmlmIiBmb250LXNpemU9IjMwIiBmaWxsPSIjNDc1NTY5Ij5FbmdsaXNoIEJvb2s8L3RleHQ+CiAgPHRleHQgeD0iNTAlIiB5PSI3MiUiIGRvbWluYW50LWJhc2VsaW5lPSJtaWRkbGUiIHRleHQtYW5jaG9yPSJtaWRkbGUiIGZvbnQtZmFtaWx5PSJBcmlhbCxzYW5zLXNlcmlmIiBmb250LXNpemU9IjI0IiBmaWxsPSIjNjQ3NDhiIj5ERU1PLTAxMSBpbWFnZSBBPC90ZXh0Pgo8L3N2Zz4=', 'data:image/svg+xml;base64,PHN2ZyB4bWxucz0iaHR0cDovL3d3dy53My5vcmcvMjAwMC9zdmciIHdpZHRoPSI2NDAiIGhlaWdodD0iNDIwIiB2aWV3Qm94PSIwIDAgNjQwIDQyMCI+CiAgPHJlY3Qgd2lkdGg9IjY0MCIgaGVpZ2h0PSI0MjAiIHJ4PSIyNCIgZmlsbD0iI2YzZThmZiIvPgogIDxyZWN0IHg9IjQyIiB5PSI0MiIgd2lkdGg9IjU1NiIgaGVpZ2h0PSIzMzYiIHJ4PSIyOCIgZmlsbD0id2hpdGUiIGZpbGwtb3BhY2l0eT0iMC44OCIvPgogIDx0ZXh0IHg9IjUwJSIgeT0iNDIlIiBkb21pbmFudC1iYXNlbGluZT0ibWlkZGxlIiB0ZXh0LWFuY2hvcj0ibWlkZGxlIiBmb250LWZhbWlseT0iQXJpYWwsc2Fucy1zZXJpZiIgZm9udC1zaXplPSI0MiIgZm9udC13ZWlnaHQ9IjcwMCIgZmlsbD0iIzFmMjkzNyI+QUkgRmxlYSBNYXJrZXQ8L3RleHQ+CiAgPHRleHQgeD0iNTAlIiB5PSI1OCUiIGRvbWluYW50LWJhc2VsaW5lPSJtaWRkbGUiIHRleHQtYW5jaG9yPSJtaWRkbGUiIGZvbnQtZmFtaWx5PSJBcmlhbCxzYW5zLXNlcmlmIiBmb250LXNpemU9IjMwIiBmaWxsPSIjNDc1NTY5Ij5FbmdsaXNoIEJvb2s8L3RleHQ+CiAgPHRleHQgeD0iNTAlIiB5PSI3MiUiIGRvbWluYW50LWJhc2VsaW5lPSJtaWRkbGUiIHRleHQtYW5jaG9yPSJtaWRkbGUiIGZvbnQtZmFtaWx5PSJBcmlhbCxzYW5zLXNlcmlmIiBmb250LXNpemU9IjI0IiBmaWxsPSIjNjQ3NDhiIj5ERU1PLTAxMSBpbWFnZSBCPC90ZXh0Pgo8L3N2Zz4='), '学内受け渡し', 1, '神奈川県', '文庫', '赤', '英語,単語帳,大学受験,参考書', 'available'),
  (12, 'DEMO-012', 3, 'Bluetoothイヤホン', '通学中に使っていたワイヤレスイヤホンです。充電ケース付きで、左右とも音が出ることを確認済みです。', 'ガジェット・家電', 'やや傷や汚れあり', 2200, JSON_ARRAY('data:image/svg+xml;base64,PHN2ZyB4bWxucz0iaHR0cDovL3d3dy53My5vcmcvMjAwMC9zdmciIHdpZHRoPSI2NDAiIGhlaWdodD0iNDIwIiB2aWV3Qm94PSIwIDAgNjQwIDQyMCI+CiAgPHJlY3Qgd2lkdGg9IjY0MCIgaGVpZ2h0PSI0MjAiIHJ4PSIyNCIgZmlsbD0iI2RjZmNlNyIvPgogIDxyZWN0IHg9IjQyIiB5PSI0MiIgd2lkdGg9IjU1NiIgaGVpZ2h0PSIzMzYiIHJ4PSIyOCIgZmlsbD0id2hpdGUiIGZpbGwtb3BhY2l0eT0iMC44OCIvPgogIDx0ZXh0IHg9IjUwJSIgeT0iNDIlIiBkb21pbmFudC1iYXNlbGluZT0ibWlkZGxlIiB0ZXh0LWFuY2hvcj0ibWlkZGxlIiBmb250LWZhbWlseT0iQXJpYWwsc2Fucy1zZXJpZiIgZm9udC1zaXplPSI0MiIgZm9udC13ZWlnaHQ9IjcwMCIgZmlsbD0iIzFmMjkzNyI+QUkgRmxlYSBNYXJrZXQ8L3RleHQ+CiAgPHRleHQgeD0iNTAlIiB5PSI1OCUiIGRvbWluYW50LWJhc2VsaW5lPSJtaWRkbGUiIHRleHQtYW5jaG9yPSJtaWRkbGUiIGZvbnQtZmFtaWx5PSJBcmlhbCxzYW5zLXNlcmlmIiBmb250LXNpemU9IjMwIiBmaWxsPSIjNDc1NTY5Ij5FYXJidWRzPC90ZXh0PgogIDx0ZXh0IHg9IjUwJSIgeT0iNzIlIiBkb21pbmFudC1iYXNlbGluZT0ibWlkZGxlIiB0ZXh0LWFuY2hvcj0ibWlkZGxlIiBmb250LWZhbWlseT0iQXJpYWwsc2Fucy1zZXJpZiIgZm9udC1zaXplPSIyNCIgZmlsbD0iIzY0NzQ4YiI+REVNTy0wMTIgaW1hZ2UgQTwvdGV4dD4KPC9zdmc+', 'data:image/svg+xml;base64,PHN2ZyB4bWxucz0iaHR0cDovL3d3dy53My5vcmcvMjAwMC9zdmciIHdpZHRoPSI2NDAiIGhlaWdodD0iNDIwIiB2aWV3Qm94PSIwIDAgNjQwIDQyMCI+CiAgPHJlY3Qgd2lkdGg9IjY0MCIgaGVpZ2h0PSI0MjAiIHJ4PSIyNCIgZmlsbD0iI2ZlZTJlMiIvPgogIDxyZWN0IHg9IjQyIiB5PSI0MiIgd2lkdGg9IjU1NiIgaGVpZ2h0PSIzMzYiIHJ4PSIyOCIgZmlsbD0id2hpdGUiIGZpbGwtb3BhY2l0eT0iMC44OCIvPgogIDx0ZXh0IHg9IjUwJSIgeT0iNDIlIiBkb21pbmFudC1iYXNlbGluZT0ibWlkZGxlIiB0ZXh0LWFuY2hvcj0ibWlkZGxlIiBmb250LWZhbWlseT0iQXJpYWwsc2Fucy1zZXJpZiIgZm9udC1zaXplPSI0MiIgZm9udC13ZWlnaHQ9IjcwMCIgZmlsbD0iIzFmMjkzNyI+QUkgRmxlYSBNYXJrZXQ8L3RleHQ+CiAgPHRleHQgeD0iNTAlIiB5PSI1OCUiIGRvbWluYW50LWJhc2VsaW5lPSJtaWRkbGUiIHRleHQtYW5jaG9yPSJtaWRkbGUiIGZvbnQtZmFtaWx5PSJBcmlhbCxzYW5zLXNlcmlmIiBmb250LXNpemU9IjMwIiBmaWxsPSIjNDc1NTY5Ij5FYXJidWRzPC90ZXh0PgogIDx0ZXh0IHg9IjUwJSIgeT0iNzIlIiBkb21pbmFudC1iYXNlbGluZT0ibWlkZGxlIiB0ZXh0LWFuY2hvcj0ibWlkZGxlIiBmb250LWZhbWlseT0iQXJpYWwsc2Fucy1zZXJpZiIgZm9udC1zaXplPSIyNCIgZmlsbD0iIzY0NzQ4YiI+REVNTy0wMTIgaW1hZ2UgQjwvdGV4dD4KPC9zdmc+'), '配送のみ', 2, '神奈川県', '小型', '黒', 'イヤホン,Bluetooth,ガジェット', 'available'),
  (13, 'DEMO-013', 3, 'ネイビーのパーカー Mサイズ', '大学生活で使いやすいシンプルなパーカーです。着用回数は少なめで、普段使いしやすい色です。', 'ファッション', '目立った傷や汚れなし', 1700, JSON_ARRAY('data:image/svg+xml;base64,PHN2ZyB4bWxucz0iaHR0cDovL3d3dy53My5vcmcvMjAwMC9zdmciIHdpZHRoPSI2NDAiIGhlaWdodD0iNDIwIiB2aWV3Qm94PSIwIDAgNjQwIDQyMCI+CiAgPHJlY3Qgd2lkdGg9IjY0MCIgaGVpZ2h0PSI0MjAiIHJ4PSIyNCIgZmlsbD0iI2ZlZjNjNyIvPgogIDxyZWN0IHg9IjQyIiB5PSI0MiIgd2lkdGg9IjU1NiIgaGVpZ2h0PSIzMzYiIHJ4PSIyOCIgZmlsbD0id2hpdGUiIGZpbGwtb3BhY2l0eT0iMC44OCIvPgogIDx0ZXh0IHg9IjUwJSIgeT0iNDIlIiBkb21pbmFudC1iYXNlbGluZT0ibWlkZGxlIiB0ZXh0LWFuY2hvcj0ibWlkZGxlIiBmb250LWZhbWlseT0iQXJpYWwsc2Fucy1zZXJpZiIgZm9udC1zaXplPSI0MiIgZm9udC13ZWlnaHQ9IjcwMCIgZmlsbD0iIzFmMjkzNyI+QUkgRmxlYSBNYXJrZXQ8L3RleHQ+CiAgPHRleHQgeD0iNTAlIiB5PSI1OCUiIGRvbWluYW50LWJhc2VsaW5lPSJtaWRkbGUiIHRleHQtYW5jaG9yPSJtaWRkbGUiIGZvbnQtZmFtaWx5PSJBcmlhbCxzYW5zLXNlcmlmIiBmb250LXNpemU9IjMwIiBmaWxsPSIjNDc1NTY5Ij5Ib29kaWU8L3RleHQ+CiAgPHRleHQgeD0iNTAlIiB5PSI3MiUiIGRvbWluYW50LWJhc2VsaW5lPSJtaWRkbGUiIHRleHQtYW5jaG9yPSJtaWRkbGUiIGZvbnQtZmFtaWx5PSJBcmlhbCxzYW5zLXNlcmlmIiBmb250LXNpemU9IjI0IiBmaWxsPSIjNjQ3NDhiIj5ERU1PLTAxMyBpbWFnZSBBPC90ZXh0Pgo8L3N2Zz4=', 'data:image/svg+xml;base64,PHN2ZyB4bWxucz0iaHR0cDovL3d3dy53My5vcmcvMjAwMC9zdmciIHdpZHRoPSI2NDAiIGhlaWdodD0iNDIwIiB2aWV3Qm94PSIwIDAgNjQwIDQyMCI+CiAgPHJlY3Qgd2lkdGg9IjY0MCIgaGVpZ2h0PSI0MjAiIHJ4PSIyNCIgZmlsbD0iI2UwZjJmZSIvPgogIDxyZWN0IHg9IjQyIiB5PSI0MiIgd2lkdGg9IjU1NiIgaGVpZ2h0PSIzMzYiIHJ4PSIyOCIgZmlsbD0id2hpdGUiIGZpbGwtb3BhY2l0eT0iMC44OCIvPgogIDx0ZXh0IHg9IjUwJSIgeT0iNDIlIiBkb21pbmFudC1iYXNlbGluZT0ibWlkZGxlIiB0ZXh0LWFuY2hvcj0ibWlkZGxlIiBmb250LWZhbWlseT0iQXJpYWwsc2Fucy1zZXJpZiIgZm9udC1zaXplPSI0MiIgZm9udC13ZWlnaHQ9IjcwMCIgZmlsbD0iIzFmMjkzNyI+QUkgRmxlYSBNYXJrZXQ8L3RleHQ+CiAgPHRleHQgeD0iNTAlIiB5PSI1OCUiIGRvbWluYW50LWJhc2VsaW5lPSJtaWRkbGUiIHRleHQtYW5jaG9yPSJtaWRkbGUiIGZvbnQtZmFtaWx5PSJBcmlhbCxzYW5zLXNlcmlmIiBmb250LXNpemU9IjMwIiBmaWxsPSIjNDc1NTY5Ij5Ib29kaWU8L3RleHQ+CiAgPHRleHQgeD0iNTAlIiB5PSI3MiUiIGRvbWluYW50LWJhc2VsaW5lPSJtaWRkbGUiIHRleHQtYW5jaG9yPSJtaWRkbGUiIGZvbnQtZmFtaWx5PSJBcmlhbCxzYW5zLXNlcmlmIiBmb250LXNpemU9IjI0IiBmaWxsPSIjNjQ3NDhiIj5ERU1PLTAxMyBpbWFnZSBCPC90ZXh0Pgo8L3N2Zz4='), '対面・配送相談', 3, '神奈川県', 'M', 'ネイビー', '服,パーカー,Mサイズ,ネイビー', 'available'),
  (14, 'DEMO-014', 3, 'ハンドメイド布ポーチ', '小物入れとして使いやすい布ポーチです。手作り品のため、縫い目などに個体差があります。', 'ハンドメイド', '新品・未使用', 1200, JSON_ARRAY('data:image/svg+xml;base64,PHN2ZyB4bWxucz0iaHR0cDovL3d3dy53My5vcmcvMjAwMC9zdmciIHdpZHRoPSI2NDAiIGhlaWdodD0iNDIwIiB2aWV3Qm94PSIwIDAgNjQwIDQyMCI+CiAgPHJlY3Qgd2lkdGg9IjY0MCIgaGVpZ2h0PSI0MjAiIHJ4PSIyNCIgZmlsbD0iI2YzZThmZiIvPgogIDxyZWN0IHg9IjQyIiB5PSI0MiIgd2lkdGg9IjU1NiIgaGVpZ2h0PSIzMzYiIHJ4PSIyOCIgZmlsbD0id2hpdGUiIGZpbGwtb3BhY2l0eT0iMC44OCIvPgogIDx0ZXh0IHg9IjUwJSIgeT0iNDIlIiBkb21pbmFudC1iYXNlbGluZT0ibWlkZGxlIiB0ZXh0LWFuY2hvcj0ibWlkZGxlIiBmb250LWZhbWlseT0iQXJpYWwsc2Fucy1zZXJpZiIgZm9udC1zaXplPSI0MiIgZm9udC13ZWlnaHQ9IjcwMCIgZmlsbD0iIzFmMjkzNyI+QUkgRmxlYSBNYXJrZXQ8L3RleHQ+CiAgPHRleHQgeD0iNTAlIiB5PSI1OCUiIGRvbWluYW50LWJhc2VsaW5lPSJtaWRkbGUiIHRleHQtYW5jaG9yPSJtaWRkbGUiIGZvbnQtZmFtaWx5PSJBcmlhbCxzYW5zLXNlcmlmIiBmb250LXNpemU9IjMwIiBmaWxsPSIjNDc1NTY5Ij5Qb3VjaDwvdGV4dD4KICA8dGV4dCB4PSI1MCUiIHk9IjcyJSIgZG9taW5hbnQtYmFzZWxpbmU9Im1pZGRsZSIgdGV4dC1hbmNob3I9Im1pZGRsZSIgZm9udC1mYW1pbHk9IkFyaWFsLHNhbnMtc2VyaWYiIGZvbnQtc2l6ZT0iMjQiIGZpbGw9IiM2NDc0OGIiPkRFTU8tMDE0IGltYWdlIEE8L3RleHQ+Cjwvc3ZnPg==', 'data:image/svg+xml;base64,PHN2ZyB4bWxucz0iaHR0cDovL3d3dy53My5vcmcvMjAwMC9zdmciIHdpZHRoPSI2NDAiIGhlaWdodD0iNDIwIiB2aWV3Qm94PSIwIDAgNjQwIDQyMCI+CiAgPHJlY3Qgd2lkdGg9IjY0MCIgaGVpZ2h0PSI0MjAiIHJ4PSIyNCIgZmlsbD0iI2VjZmNjYiIvPgogIDxyZWN0IHg9IjQyIiB5PSI0MiIgd2lkdGg9IjU1NiIgaGVpZ2h0PSIzMzYiIHJ4PSIyOCIgZmlsbD0id2hpdGUiIGZpbGwtb3BhY2l0eT0iMC44OCIvPgogIDx0ZXh0IHg9IjUwJSIgeT0iNDIlIiBkb21pbmFudC1iYXNlbGluZT0ibWlkZGxlIiB0ZXh0LWFuY2hvcj0ibWlkZGxlIiBmb250LWZhbWlseT0iQXJpYWwsc2Fucy1zZXJpZiIgZm9udC1zaXplPSI0MiIgZm9udC13ZWlnaHQ9IjcwMCIgZmlsbD0iIzFmMjkzNyI+QUkgRmxlYSBNYXJrZXQ8L3RleHQ+CiAgPHRleHQgeD0iNTAlIiB5PSI1OCUiIGRvbWluYW50LWJhc2VsaW5lPSJtaWRkbGUiIHRleHQtYW5jaG9yPSJtaWRkbGUiIGZvbnQtZmFtaWx5PSJBcmlhbCxzYW5zLXNlcmlmIiBmb250LXNpemU9IjMwIiBmaWxsPSIjNDc1NTY5Ij5Qb3VjaDwvdGV4dD4KICA8dGV4dCB4PSI1MCUiIHk9IjcyJSIgZG9taW5hbnQtYmFzZWxpbmU9Im1pZGRsZSIgdGV4dC1hbmNob3I9Im1pZGRsZSIgZm9udC1mYW1pbHk9IkFyaWFsLHNhbnMtc2VyaWYiIGZvbnQtc2l6ZT0iMjQiIGZpbGw9IiM2NDc0OGIiPkRFTU8tMDE0IGltYWdlIEI8L3RleHQ+Cjwvc3ZnPg=='), '配送のみ', 4, '神奈川県', '小型', 'ピンク', 'ポーチ,ハンドメイド,小物入れ', 'available'),
  (15, 'DEMO-015', 3, 'レトルトスープ詰め合わせ', '未開封のレトルトスープセットです。自宅保管品のため、賞味期限と保存状態を確認してから購入してください。', '食品・飲料', '新品・未使用', 900, JSON_ARRAY('data:image/svg+xml;base64,PHN2ZyB4bWxucz0iaHR0cDovL3d3dy53My5vcmcvMjAwMC9zdmciIHdpZHRoPSI2NDAiIGhlaWdodD0iNDIwIiB2aWV3Qm94PSIwIDAgNjQwIDQyMCI+CiAgPHJlY3Qgd2lkdGg9IjY0MCIgaGVpZ2h0PSI0MjAiIHJ4PSIyNCIgZmlsbD0iI2ZlZTJlMiIvPgogIDxyZWN0IHg9IjQyIiB5PSI0MiIgd2lkdGg9IjU1NiIgaGVpZ2h0PSIzMzYiIHJ4PSIyOCIgZmlsbD0id2hpdGUiIGZpbGwtb3BhY2l0eT0iMC44OCIvPgogIDx0ZXh0IHg9IjUwJSIgeT0iNDIlIiBkb21pbmFudC1iYXNlbGluZT0ibWlkZGxlIiB0ZXh0LWFuY2hvcj0ibWlkZGxlIiBmb250LWZhbWlseT0iQXJpYWwsc2Fucy1zZXJpZiIgZm9udC1zaXplPSI0MiIgZm9udC13ZWlnaHQ9IjcwMCIgZmlsbD0iIzFmMjkzNyI+QUkgRmxlYSBNYXJrZXQ8L3RleHQ+CiAgPHRleHQgeD0iNTAlIiB5PSI1OCUiIGRvbWluYW50LWJhc2VsaW5lPSJtaWRkbGUiIHRleHQtYW5jaG9yPSJtaWRkbGUiIGZvbnQtZmFtaWx5PSJBcmlhbCxzYW5zLXNlcmlmIiBmb250LXNpemU9IjMwIiBmaWxsPSIjNDc1NTY5Ij5Tb3VwIFNldDwvdGV4dD4KICA8dGV4dCB4PSI1MCUiIHk9IjcyJSIgZG9taW5hbnQtYmFzZWxpbmU9Im1pZGRsZSIgdGV4dC1hbmNob3I9Im1pZGRsZSIgZm9udC1mYW1pbHk9IkFyaWFsLHNhbnMtc2VyaWYiIGZvbnQtc2l6ZT0iMjQiIGZpbGw9IiM2NDc0OGIiPkRFTU8tMDE1IGltYWdlIEE8L3RleHQ+Cjwvc3ZnPg==', 'data:image/svg+xml;base64,PHN2ZyB4bWxucz0iaHR0cDovL3d3dy53My5vcmcvMjAwMC9zdmciIHdpZHRoPSI2NDAiIGhlaWdodD0iNDIwIiB2aWV3Qm94PSIwIDAgNjQwIDQyMCI+CiAgPHJlY3Qgd2lkdGg9IjY0MCIgaGVpZ2h0PSI0MjAiIHJ4PSIyNCIgZmlsbD0iI2ZmZWRkNSIvPgogIDxyZWN0IHg9IjQyIiB5PSI0MiIgd2lkdGg9IjU1NiIgaGVpZ2h0PSIzMzYiIHJ4PSIyOCIgZmlsbD0id2hpdGUiIGZpbGwtb3BhY2l0eT0iMC44OCIvPgogIDx0ZXh0IHg9IjUwJSIgeT0iNDIlIiBkb21pbmFudC1iYXNlbGluZT0ibWlkZGxlIiB0ZXh0LWFuY2hvcj0ibWlkZGxlIiBmb250LWZhbWlseT0iQXJpYWwsc2Fucy1zZXJpZiIgZm9udC1zaXplPSI0MiIgZm9udC13ZWlnaHQ9IjcwMCIgZmlsbD0iIzFmMjkzNyI+QUkgRmxlYSBNYXJrZXQ8L3RleHQ+CiAgPHRleHQgeD0iNTAlIiB5PSI1OCUiIGRvbWluYW50LWJhc2VsaW5lPSJtaWRkbGUiIHRleHQtYW5jaG9yPSJtaWRkbGUiIGZvbnQtZmFtaWx5PSJBcmlhbCxzYW5zLXNlcmlmIiBmb250LXNpemU9IjMwIiBmaWxsPSIjNDc1NTY5Ij5Tb3VwIFNldDwvdGV4dD4KICA8dGV4dCB4PSI1MCUiIHk9IjcyJSIgZG9taW5hbnQtYmFzZWxpbmU9Im1pZGRsZSIgdGV4dC1hbmNob3I9Im1pZGRsZSIgZm9udC1mYW1pbHk9IkFyaWFsLHNhbnMtc2VyaWYiIGZvbnQtc2l6ZT0iMjQiIGZpbGw9IiM2NDc0OGIiPkRFTU8tMDE1IGltYWdlIEI8L3RleHQ+Cjwvc3ZnPg=='), '配送のみ', 2, '神奈川県', '小型', 'オレンジ', '食品,スープ,未開封,レトルト', 'available'),
  (16, 'DEMO-016', 4, '統計学の基礎参考書', '統計学の基本概念と演習問題がまとまった参考書です。書き込みはほとんどありません。', '本・教材', '未使用に近い', 1600, JSON_ARRAY('data:image/svg+xml;base64,PHN2ZyB4bWxucz0iaHR0cDovL3d3dy53My5vcmcvMjAwMC9zdmciIHdpZHRoPSI2NDAiIGhlaWdodD0iNDIwIiB2aWV3Qm94PSIwIDAgNjQwIDQyMCI+CiAgPHJlY3Qgd2lkdGg9IjY0MCIgaGVpZ2h0PSI0MjAiIHJ4PSIyNCIgZmlsbD0iI2UwZjJmZSIvPgogIDxyZWN0IHg9IjQyIiB5PSI0MiIgd2lkdGg9IjU1NiIgaGVpZ2h0PSIzMzYiIHJ4PSIyOCIgZmlsbD0id2hpdGUiIGZpbGwtb3BhY2l0eT0iMC44OCIvPgogIDx0ZXh0IHg9IjUwJSIgeT0iNDIlIiBkb21pbmFudC1iYXNlbGluZT0ibWlkZGxlIiB0ZXh0LWFuY2hvcj0ibWlkZGxlIiBmb250LWZhbWlseT0iQXJpYWwsc2Fucy1zZXJpZiIgZm9udC1zaXplPSI0MiIgZm9udC13ZWlnaHQ9IjcwMCIgZmlsbD0iIzFmMjkzNyI+QUkgRmxlYSBNYXJrZXQ8L3RleHQ+CiAgPHRleHQgeD0iNTAlIiB5PSI1OCUiIGRvbWluYW50LWJhc2VsaW5lPSJtaWRkbGUiIHRleHQtYW5jaG9yPSJtaWRkbGUiIGZvbnQtZmFtaWx5PSJBcmlhbCxzYW5zLXNlcmlmIiBmb250LXNpemU9IjMwIiBmaWxsPSIjNDc1NTY5Ij5TdGF0aXN0aWNzPC90ZXh0PgogIDx0ZXh0IHg9IjUwJSIgeT0iNzIlIiBkb21pbmFudC1iYXNlbGluZT0ibWlkZGxlIiB0ZXh0LWFuY2hvcj0ibWlkZGxlIiBmb250LWZhbWlseT0iQXJpYWwsc2Fucy1zZXJpZiIgZm9udC1zaXplPSIyNCIgZmlsbD0iIzY0NzQ4YiI+REVNTy0wMTYgaW1hZ2UgQTwvdGV4dD4KPC9zdmc+', 'data:image/svg+xml;base64,PHN2ZyB4bWxucz0iaHR0cDovL3d3dy53My5vcmcvMjAwMC9zdmciIHdpZHRoPSI2NDAiIGhlaWdodD0iNDIwIiB2aWV3Qm94PSIwIDAgNjQwIDQyMCI+CiAgPHJlY3Qgd2lkdGg9IjY0MCIgaGVpZ2h0PSI0MjAiIHJ4PSIyNCIgZmlsbD0iI2VkZTlmZSIvPgogIDxyZWN0IHg9IjQyIiB5PSI0MiIgd2lkdGg9IjU1NiIgaGVpZ2h0PSIzMzYiIHJ4PSIyOCIgZmlsbD0id2hpdGUiIGZpbGwtb3BhY2l0eT0iMC44OCIvPgogIDx0ZXh0IHg9IjUwJSIgeT0iNDIlIiBkb21pbmFudC1iYXNlbGluZT0ibWlkZGxlIiB0ZXh0LWFuY2hvcj0ibWlkZGxlIiBmb250LWZhbWlseT0iQXJpYWwsc2Fucy1zZXJpZiIgZm9udC1zaXplPSI0MiIgZm9udC13ZWlnaHQ9IjcwMCIgZmlsbD0iIzFmMjkzNyI+QUkgRmxlYSBNYXJrZXQ8L3RleHQ+CiAgPHRleHQgeD0iNTAlIiB5PSI1OCUiIGRvbWluYW50LWJhc2VsaW5lPSJtaWRkbGUiIHRleHQtYW5jaG9yPSJtaWRkbGUiIGZvbnQtZmFtaWx5PSJBcmlhbCxzYW5zLXNlcmlmIiBmb250LXNpemU9IjMwIiBmaWxsPSIjNDc1NTY5Ij5TdGF0aXN0aWNzPC90ZXh0PgogIDx0ZXh0IHg9IjUwJSIgeT0iNzIlIiBkb21pbmFudC1iYXNlbGluZT0ibWlkZGxlIiB0ZXh0LWFuY2hvcj0ibWlkZGxlIiBmb250LWZhbWlseT0iQXJpYWwsc2Fucy1zZXJpZiIgZm9udC1zaXplPSIyNCIgZmlsbD0iIzY0NzQ4YiI+REVNTy0wMTYgaW1hZ2UgQjwvdGV4dD4KPC9zdmc+'), '配送のみ', 2, '埼玉県', '単行本', '白', '参考書,統計,数学,大学', 'available'),
  (17, 'DEMO-017', 4, 'アルミ製スマホスタンド', '机の上で動画視聴やオンライン授業に使いやすいスマホスタンドです。角度調整ができます。', 'スマホ・PC周辺機器', '目立った傷や汚れなし', 850, JSON_ARRAY('data:image/svg+xml;base64,PHN2ZyB4bWxucz0iaHR0cDovL3d3dy53My5vcmcvMjAwMC9zdmciIHdpZHRoPSI2NDAiIGhlaWdodD0iNDIwIiB2aWV3Qm94PSIwIDAgNjQwIDQyMCI+CiAgPHJlY3Qgd2lkdGg9IjY0MCIgaGVpZ2h0PSI0MjAiIHJ4PSIyNCIgZmlsbD0iI2VjZmNjYiIvPgogIDxyZWN0IHg9IjQyIiB5PSI0MiIgd2lkdGg9IjU1NiIgaGVpZ2h0PSIzMzYiIHJ4PSIyOCIgZmlsbD0id2hpdGUiIGZpbGwtb3BhY2l0eT0iMC44OCIvPgogIDx0ZXh0IHg9IjUwJSIgeT0iNDIlIiBkb21pbmFudC1iYXNlbGluZT0ibWlkZGxlIiB0ZXh0LWFuY2hvcj0ibWlkZGxlIiBmb250LWZhbWlseT0iQXJpYWwsc2Fucy1zZXJpZiIgZm9udC1zaXplPSI0MiIgZm9udC13ZWlnaHQ9IjcwMCIgZmlsbD0iIzFmMjkzNyI+QUkgRmxlYSBNYXJrZXQ8L3RleHQ+CiAgPHRleHQgeD0iNTAlIiB5PSI1OCUiIGRvbWluYW50LWJhc2VsaW5lPSJtaWRkbGUiIHRleHQtYW5jaG9yPSJtaWRkbGUiIGZvbnQtZmFtaWx5PSJBcmlhbCxzYW5zLXNlcmlmIiBmb250LXNpemU9IjMwIiBmaWxsPSIjNDc1NTY5Ij5QaG9uZSBTdGFuZDwvdGV4dD4KICA8dGV4dCB4PSI1MCUiIHk9IjcyJSIgZG9taW5hbnQtYmFzZWxpbmU9Im1pZGRsZSIgdGV4dC1hbmNob3I9Im1pZGRsZSIgZm9udC1mYW1pbHk9IkFyaWFsLHNhbnMtc2VyaWYiIGZvbnQtc2l6ZT0iMjQiIGZpbGw9IiM2NDc0OGIiPkRFTU8tMDE3IGltYWdlIEE8L3RleHQ+Cjwvc3ZnPg==', 'data:image/svg+xml;base64,PHN2ZyB4bWxucz0iaHR0cDovL3d3dy53My5vcmcvMjAwMC9zdmciIHdpZHRoPSI2NDAiIGhlaWdodD0iNDIwIiB2aWV3Qm94PSIwIDAgNjQwIDQyMCI+CiAgPHJlY3Qgd2lkdGg9IjY0MCIgaGVpZ2h0PSI0MjAiIHJ4PSIyNCIgZmlsbD0iI2NmZmFmZSIvPgogIDxyZWN0IHg9IjQyIiB5PSI0MiIgd2lkdGg9IjU1NiIgaGVpZ2h0PSIzMzYiIHJ4PSIyOCIgZmlsbD0id2hpdGUiIGZpbGwtb3BhY2l0eT0iMC44OCIvPgogIDx0ZXh0IHg9IjUwJSIgeT0iNDIlIiBkb21pbmFudC1iYXNlbGluZT0ibWlkZGxlIiB0ZXh0LWFuY2hvcj0ibWlkZGxlIiBmb250LWZhbWlseT0iQXJpYWwsc2Fucy1zZXJpZiIgZm9udC1zaXplPSI0MiIgZm9udC13ZWlnaHQ9IjcwMCIgZmlsbD0iIzFmMjkzNyI+QUkgRmxlYSBNYXJrZXQ8L3RleHQ+CiAgPHRleHQgeD0iNTAlIiB5PSI1OCUiIGRvbWluYW50LWJhc2VsaW5lPSJtaWRkbGUiIHRleHQtYW5jaG9yPSJtaWRkbGUiIGZvbnQtZmFtaWx5PSJBcmlhbCxzYW5zLXNlcmlmIiBmb250LXNpemU9IjMwIiBmaWxsPSIjNDc1NTY5Ij5QaG9uZSBTdGFuZDwvdGV4dD4KICA8dGV4dCB4PSI1MCUiIHk9IjcyJSIgZG9taW5hbnQtYmFzZWxpbmU9Im1pZGRsZSIgdGV4dC1hbmNob3I9Im1pZGRsZSIgZm9udC1mYW1pbHk9IkFyaWFsLHNhbnMtc2VyaWYiIGZvbnQtc2l6ZT0iMjQiIGZpbGw9IiM2NDc0OGIiPkRFTU8tMDE3IGltYWdlIEI8L3RleHQ+Cjwvc3ZnPg=='), '学内受け渡し', 1, '埼玉県', '小型', 'シルバー', 'スマホ,スタンド,アルミ,デスク', 'available'),
  (18, 'DEMO-018', 4, 'フェイスパウダー 未開封', '未開封のフェイスパウダーです。色味が合わなかったため出品します。購入前に色番をご確認ください。', '美容・コスメ', '新品・未使用', 1300, JSON_ARRAY('data:image/svg+xml;base64,PHN2ZyB4bWxucz0iaHR0cDovL3d3dy53My5vcmcvMjAwMC9zdmciIHdpZHRoPSI2NDAiIGhlaWdodD0iNDIwIiB2aWV3Qm94PSIwIDAgNjQwIDQyMCI+CiAgPHJlY3Qgd2lkdGg9IjY0MCIgaGVpZ2h0PSI0MjAiIHJ4PSIyNCIgZmlsbD0iI2ZmZWRkNSIvPgogIDxyZWN0IHg9IjQyIiB5PSI0MiIgd2lkdGg9IjU1NiIgaGVpZ2h0PSIzMzYiIHJ4PSIyOCIgZmlsbD0id2hpdGUiIGZpbGwtb3BhY2l0eT0iMC44OCIvPgogIDx0ZXh0IHg9IjUwJSIgeT0iNDIlIiBkb21pbmFudC1iYXNlbGluZT0ibWlkZGxlIiB0ZXh0LWFuY2hvcj0ibWlkZGxlIiBmb250LWZhbWlseT0iQXJpYWwsc2Fucy1zZXJpZiIgZm9udC1zaXplPSI0MiIgZm9udC13ZWlnaHQ9IjcwMCIgZmlsbD0iIzFmMjkzNyI+QUkgRmxlYSBNYXJrZXQ8L3RleHQ+CiAgPHRleHQgeD0iNTAlIiB5PSI1OCUiIGRvbWluYW50LWJhc2VsaW5lPSJtaWRkbGUiIHRleHQtYW5jaG9yPSJtaWRkbGUiIGZvbnQtZmFtaWx5PSJBcmlhbCxzYW5zLXNlcmlmIiBmb250LXNpemU9IjMwIiBmaWxsPSIjNDc1NTY5Ij5Db3NtZXRpY3M8L3RleHQ+CiAgPHRleHQgeD0iNTAlIiB5PSI3MiUiIGRvbWluYW50LWJhc2VsaW5lPSJtaWRkbGUiIHRleHQtYW5jaG9yPSJtaWRkbGUiIGZvbnQtZmFtaWx5PSJBcmlhbCxzYW5zLXNlcmlmIiBmb250LXNpemU9IjI0IiBmaWxsPSIjNjQ3NDhiIj5ERU1PLTAxOCBpbWFnZSBBPC90ZXh0Pgo8L3N2Zz4=', 'data:image/svg+xml;base64,PHN2ZyB4bWxucz0iaHR0cDovL3d3dy53My5vcmcvMjAwMC9zdmciIHdpZHRoPSI2NDAiIGhlaWdodD0iNDIwIiB2aWV3Qm94PSIwIDAgNjQwIDQyMCI+CiAgPHJlY3Qgd2lkdGg9IjY0MCIgaGVpZ2h0PSI0MjAiIHJ4PSIyNCIgZmlsbD0iI2RiZWFmZSIvPgogIDxyZWN0IHg9IjQyIiB5PSI0MiIgd2lkdGg9IjU1NiIgaGVpZ2h0PSIzMzYiIHJ4PSIyOCIgZmlsbD0id2hpdGUiIGZpbGwtb3BhY2l0eT0iMC44OCIvPgogIDx0ZXh0IHg9IjUwJSIgeT0iNDIlIiBkb21pbmFudC1iYXNlbGluZT0ibWlkZGxlIiB0ZXh0LWFuY2hvcj0ibWlkZGxlIiBmb250LWZhbWlseT0iQXJpYWwsc2Fucy1zZXJpZiIgZm9udC1zaXplPSI0MiIgZm9udC13ZWlnaHQ9IjcwMCIgZmlsbD0iIzFmMjkzNyI+QUkgRmxlYSBNYXJrZXQ8L3RleHQ+CiAgPHRleHQgeD0iNTAlIiB5PSI1OCUiIGRvbWluYW50LWJhc2VsaW5lPSJtaWRkbGUiIHRleHQtYW5jaG9yPSJtaWRkbGUiIGZvbnQtZmFtaWx5PSJBcmlhbCxzYW5zLXNlcmlmIiBmb250LXNpemU9IjMwIiBmaWxsPSIjNDc1NTY5Ij5Db3NtZXRpY3M8L3RleHQ+CiAgPHRleHQgeD0iNTAlIiB5PSI3MiUiIGRvbWluYW50LWJhc2VsaW5lPSJtaWRkbGUiIHRleHQtYW5jaG9yPSJtaWRkbGUiIGZvbnQtZmFtaWx5PSJBcmlhbCxzYW5zLXNlcmlmIiBmb250LXNpemU9IjI0IiBmaWxsPSIjNjQ3NDhiIj5ERU1PLTAxOCBpbWFnZSBCPC90ZXh0Pgo8L3N2Zz4='), '配送のみ', 3, '埼玉県', '小型', 'ベージュ', 'コスメ,美容,フェイスパウダー,未開封', 'available'),
  (19, 'DEMO-019', 4, 'ミニ観葉植物 鉢付き', '部屋に置きやすい小さめの観葉植物です。鉢付きなので、そのまま飾れます。対面受け渡し希望です。', '家具・インテリア', '目立った傷や汚れなし', 1100, JSON_ARRAY('data:image/svg+xml;base64,PHN2ZyB4bWxucz0iaHR0cDovL3d3dy53My5vcmcvMjAwMC9zdmciIHdpZHRoPSI2NDAiIGhlaWdodD0iNDIwIiB2aWV3Qm94PSIwIDAgNjQwIDQyMCI+CiAgPHJlY3Qgd2lkdGg9IjY0MCIgaGVpZ2h0PSI0MjAiIHJ4PSIyNCIgZmlsbD0iI2VkZTlmZSIvPgogIDxyZWN0IHg9IjQyIiB5PSI0MiIgd2lkdGg9IjU1NiIgaGVpZ2h0PSIzMzYiIHJ4PSIyOCIgZmlsbD0id2hpdGUiIGZpbGwtb3BhY2l0eT0iMC44OCIvPgogIDx0ZXh0IHg9IjUwJSIgeT0iNDIlIiBkb21pbmFudC1iYXNlbGluZT0ibWlkZGxlIiB0ZXh0LWFuY2hvcj0ibWlkZGxlIiBmb250LWZhbWlseT0iQXJpYWwsc2Fucy1zZXJpZiIgZm9udC1zaXplPSI0MiIgZm9udC13ZWlnaHQ9IjcwMCIgZmlsbD0iIzFmMjkzNyI+QUkgRmxlYSBNYXJrZXQ8L3RleHQ+CiAgPHRleHQgeD0iNTAlIiB5PSI1OCUiIGRvbWluYW50LWJhc2VsaW5lPSJtaWRkbGUiIHRleHQtYW5jaG9yPSJtaWRkbGUiIGZvbnQtZmFtaWx5PSJBcmlhbCxzYW5zLXNlcmlmIiBmb250LXNpemU9IjMwIiBmaWxsPSIjNDc1NTY5Ij5QbGFudDwvdGV4dD4KICA8dGV4dCB4PSI1MCUiIHk9IjcyJSIgZG9taW5hbnQtYmFzZWxpbmU9Im1pZGRsZSIgdGV4dC1hbmNob3I9Im1pZGRsZSIgZm9udC1mYW1pbHk9IkFyaWFsLHNhbnMtc2VyaWYiIGZvbnQtc2l6ZT0iMjQiIGZpbGw9IiM2NDc0OGIiPkRFTU8tMDE5IGltYWdlIEE8L3RleHQ+Cjwvc3ZnPg==', 'data:image/svg+xml;base64,PHN2ZyB4bWxucz0iaHR0cDovL3d3dy53My5vcmcvMjAwMC9zdmciIHdpZHRoPSI2NDAiIGhlaWdodD0iNDIwIiB2aWV3Qm94PSIwIDAgNjQwIDQyMCI+CiAgPHJlY3Qgd2lkdGg9IjY0MCIgaGVpZ2h0PSI0MjAiIHJ4PSIyNCIgZmlsbD0iI2RjZmNlNyIvPgogIDxyZWN0IHg9IjQyIiB5PSI0MiIgd2lkdGg9IjU1NiIgaGVpZ2h0PSIzMzYiIHJ4PSIyOCIgZmlsbD0id2hpdGUiIGZpbGwtb3BhY2l0eT0iMC44OCIvPgogIDx0ZXh0IHg9IjUwJSIgeT0iNDIlIiBkb21pbmFudC1iYXNlbGluZT0ibWlkZGxlIiB0ZXh0LWFuY2hvcj0ibWlkZGxlIiBmb250LWZhbWlseT0iQXJpYWwsc2Fucy1zZXJpZiIgZm9udC1zaXplPSI0MiIgZm9udC13ZWlnaHQ9IjcwMCIgZmlsbD0iIzFmMjkzNyI+QUkgRmxlYSBNYXJrZXQ8L3RleHQ+CiAgPHRleHQgeD0iNTAlIiB5PSI1OCUiIGRvbWluYW50LWJhc2VsaW5lPSJtaWRkbGUiIHRleHQtYW5jaG9yPSJtaWRkbGUiIGZvbnQtZmFtaWx5PSJBcmlhbCxzYW5zLXNlcmlmIiBmb250LXNpemU9IjMwIiBmaWxsPSIjNDc1NTY5Ij5QbGFudDwvdGV4dD4KICA8dGV4dCB4PSI1MCUiIHk9IjcyJSIgZG9taW5hbnQtYmFzZWxpbmU9Im1pZGRsZSIgdGV4dC1hbmNob3I9Im1pZGRsZSIgZm9udC1mYW1pbHk9IkFyaWFsLHNhbnMtc2VyaWYiIGZvbnQtc2l6ZT0iMjQiIGZpbGw9IiM2NDc0OGIiPkRFTU8tMDE5IGltYWdlIEI8L3RleHQ+Cjwvc3ZnPg=='), '対面受け渡し', 1, '埼玉県', '小型', '緑', '植物,インテリア,観葉植物,鉢付き', 'available'),
  (20, 'DEMO-020', 4, 'ライブ記念カード', 'イベントの記念カードです。実際の入場券ではありません。コレクション向けの商品です。', 'チケット', '目立った傷や汚れなし', 600, JSON_ARRAY('data:image/svg+xml;base64,PHN2ZyB4bWxucz0iaHR0cDovL3d3dy53My5vcmcvMjAwMC9zdmciIHdpZHRoPSI2NDAiIGhlaWdodD0iNDIwIiB2aWV3Qm94PSIwIDAgNjQwIDQyMCI+CiAgPHJlY3Qgd2lkdGg9IjY0MCIgaGVpZ2h0PSI0MjAiIHJ4PSIyNCIgZmlsbD0iI2NmZmFmZSIvPgogIDxyZWN0IHg9IjQyIiB5PSI0MiIgd2lkdGg9IjU1NiIgaGVpZ2h0PSIzMzYiIHJ4PSIyOCIgZmlsbD0id2hpdGUiIGZpbGwtb3BhY2l0eT0iMC44OCIvPgogIDx0ZXh0IHg9IjUwJSIgeT0iNDIlIiBkb21pbmFudC1iYXNlbGluZT0ibWlkZGxlIiB0ZXh0LWFuY2hvcj0ibWlkZGxlIiBmb250LWZhbWlseT0iQXJpYWwsc2Fucy1zZXJpZiIgZm9udC1zaXplPSI0MiIgZm9udC13ZWlnaHQ9IjcwMCIgZmlsbD0iIzFmMjkzNyI+QUkgRmxlYSBNYXJrZXQ8L3RleHQ+CiAgPHRleHQgeD0iNTAlIiB5PSI1OCUiIGRvbWluYW50LWJhc2VsaW5lPSJtaWRkbGUiIHRleHQtYW5jaG9yPSJtaWRkbGUiIGZvbnQtZmFtaWx5PSJBcmlhbCxzYW5zLXNlcmlmIiBmb250LXNpemU9IjMwIiBmaWxsPSIjNDc1NTY5Ij5NZW1vcmlhbCBDYXJkPC90ZXh0PgogIDx0ZXh0IHg9IjUwJSIgeT0iNzIlIiBkb21pbmFudC1iYXNlbGluZT0ibWlkZGxlIiB0ZXh0LWFuY2hvcj0ibWlkZGxlIiBmb250LWZhbWlseT0iQXJpYWwsc2Fucy1zZXJpZiIgZm9udC1zaXplPSIyNCIgZmlsbD0iIzY0NzQ4YiI+REVNTy0wMjAgaW1hZ2UgQTwvdGV4dD4KPC9zdmc+', 'data:image/svg+xml;base64,PHN2ZyB4bWxucz0iaHR0cDovL3d3dy53My5vcmcvMjAwMC9zdmciIHdpZHRoPSI2NDAiIGhlaWdodD0iNDIwIiB2aWV3Qm94PSIwIDAgNjQwIDQyMCI+CiAgPHJlY3Qgd2lkdGg9IjY0MCIgaGVpZ2h0PSI0MjAiIHJ4PSIyNCIgZmlsbD0iI2ZlZjNjNyIvPgogIDxyZWN0IHg9IjQyIiB5PSI0MiIgd2lkdGg9IjU1NiIgaGVpZ2h0PSIzMzYiIHJ4PSIyOCIgZmlsbD0id2hpdGUiIGZpbGwtb3BhY2l0eT0iMC44OCIvPgogIDx0ZXh0IHg9IjUwJSIgeT0iNDIlIiBkb21pbmFudC1iYXNlbGluZT0ibWlkZGxlIiB0ZXh0LWFuY2hvcj0ibWlkZGxlIiBmb250LWZhbWlseT0iQXJpYWwsc2Fucy1zZXJpZiIgZm9udC1zaXplPSI0MiIgZm9udC13ZWlnaHQ9IjcwMCIgZmlsbD0iIzFmMjkzNyI+QUkgRmxlYSBNYXJrZXQ8L3RleHQ+CiAgPHRleHQgeD0iNTAlIiB5PSI1OCUiIGRvbWluYW50LWJhc2VsaW5lPSJtaWRkbGUiIHRleHQtYW5jaG9yPSJtaWRkbGUiIGZvbnQtZmFtaWx5PSJBcmlhbCxzYW5zLXNlcmlmIiBmb250LXNpemU9IjMwIiBmaWxsPSIjNDc1NTY5Ij5NZW1vcmlhbCBDYXJkPC90ZXh0PgogIDx0ZXh0IHg9IjUwJSIgeT0iNzIlIiBkb21pbmFudC1iYXNlbGluZT0ibWlkZGxlIiB0ZXh0LWFuY2hvcj0ibWlkZGxlIiBmb250LWZhbWlseT0iQXJpYWwsc2Fucy1zZXJpZiIgZm9udC1zaXplPSIyNCIgZmlsbD0iIzY0NzQ4YiI+REVNTy0wMjAgaW1hZ2UgQjwvdGV4dD4KPC9zdmc+'), '配送のみ', 2, '埼玉県', '小型', 'その他', 'チケット,記念カード,コレクション', 'available')
ON DUPLICATE KEY UPDATE title=VALUES(title), description=VALUES(description), category=VALUES(category), condition_text=VALUES(condition_text), price_yen=VALUES(price_yen), image_url=VALUES(image_url), delivery_method=VALUES(delivery_method), shipping_days=VALUES(shipping_days), ship_from_region=VALUES(ship_from_region), size=VALUES(size), color=VALUES(color), tags=VALUES(tags), status=VALUES(status);

-- 価格帯フィルタや高額商品の購入可否をデモしやすくするため、販売中の商品を3件追加します。
INSERT INTO items (id, product_code, seller_id, title, description, category, condition_text, price_yen, image_url, delivery_method, shipping_days, ship_from_region, size, color, tags, status) VALUES
  (29, 'DEMO-021', 1, '音楽フェス記念チケット', '終了済み音楽フェスの記念チケットです。入場券としては使用できません。コレクション用途として保管していました。', 'チケット', '目立った傷や汚れなし', 5000, JSON_ARRAY('data:image/svg+xml;base64,PHN2ZyB4bWxucz0iaHR0cDovL3d3dy53My5vcmcvMjAwMC9zdmciIHdpZHRoPSI2NDAiIGhlaWdodD0iNDIwIj48cmVjdCB3aWR0aD0iMTAwJSIgaGVpZ2h0PSIxMDAlIiBmaWxsPSIjZTBmMmZlIi8+PHRleHQgeD0iNTAlIiB5PSI1MCUiIHRleHQtYW5jaG9yPSJtaWRkbGUiIGZvbnQtZmFtaWx5PSJBcmlhbCxzYW5zLXNlcmlmIiBmb250LXNpemU9IjM4IiBmaWxsPSIjMWYyOTM3Ij5UaWNrZXQ8L3RleHQ+PC9zdmc+'), '配送のみ', 2, '東京都', '小型', 'その他', 'チケット,音楽フェス,記念品,コレクション', 'available'),
  (30, 'DEMO-022', 2, '木製ワークデスク', '幅120cmの木製ワークデスクです。天板に小さな使用跡がありますが、がたつきはなく安定して使用できます。', '家具・インテリア', 'やや傷や汚れあり', 10000, JSON_ARRAY('data:image/svg+xml;base64,PHN2ZyB4bWxucz0iaHR0cDovL3d3dy53My5vcmcvMjAwMC9zdmciIHdpZHRoPSI2NDAiIGhlaWdodD0iNDIwIj48cmVjdCB3aWR0aD0iMTAwJSIgaGVpZ2h0PSIxMDAlIiBmaWxsPSIjZTBmMmZlIi8+PHRleHQgeD0iNTAlIiB5PSI1MCUiIHRleHQtYW5jaG9yPSJtaWRkbGUiIGZvbnQtZmFtaWx5PSJBcmlhbCxzYW5zLXNlcmlmIiBmb250LXNpemU9IjM4IiBmaWxsPSIjMWYyOTM3Ij5EZXNrPC90ZXh0Pjwvc3ZnPg=='), '対面受け渡し', 3, '千葉県', '大型', '茶', '机,デスク,木製,ワークスペース', 'available'),
  (31, 'DEMO-023', 3, 'テナーサックス ケース付き', '演奏経験者向けのテナーサックスです。音出しとキー動作を確認済みで、専用ケースとストラップが付属します。', '音楽・楽器', '目立った傷や汚れなし', 80000, JSON_ARRAY('data:image/svg+xml;base64,PHN2ZyB4bWxucz0iaHR0cDovL3d3dy53My5vcmcvMjAwMC9zdmciIHdpZHRoPSI2NDAiIGhlaWdodD0iNDIwIj48cmVjdCB3aWR0aD0iMTAwJSIgaGVpZ2h0PSIxMDAlIiBmaWxsPSIjZTBmMmZlIi8+PHRleHQgeD0iNTAlIiB5PSI1MCUiIHRleHQtYW5jaG9yPSJtaWRkbGUiIGZvbnQtZmFtaWx5PSJBcmlhbCxzYW5zLXNlcmlmIiBmb250LXNpemU9IjM4IiBmaWxsPSIjMWYyOTM3Ij5JbnN0cnVtZW50PC90ZXh0Pjwvc3ZnPg=='), '対面・配送相談', 4, '神奈川県', '大型', 'ゴールド', 'サックス,管楽器,楽器,ケース付き', 'available')
ON DUPLICATE KEY UPDATE product_code=VALUES(product_code), seller_id=VALUES(seller_id), title=VALUES(title), description=VALUES(description), category=VALUES(category), condition_text=VALUES(condition_text), price_yen=VALUES(price_yen), image_url=VALUES(image_url), delivery_method=VALUES(delivery_method), shipping_days=VALUES(shipping_days), ship_from_region=VALUES(ship_from_region), size=VALUES(size), color=VALUES(color), tags=VALUES(tags), status=VALUES(status);

-- 各デモユーザーの既定カードです。登録入力は順に 1111000011110000、2222000022220000、
-- 3333000033330000、4444000044440000（全カード有効期限12/28、セキュリティコード123）です。
-- 登録APIと同じく番号は下4桁のみを保存し、セキュリティコードを永続化しない既存の安全設計を維持します。
INSERT INTO payment_methods (id, user_id, label, card_last4, holder_name, expiry_month, expiry_year, is_default, created_at) VALUES
  (1, 1, 'メインカード', '0000', 'USER1', 12, 2028, TRUE, '2026-03-01 09:00:00'),
  (2, 2, 'メインカード', '0000', 'USER2', 12, 2028, TRUE, '2026-03-01 09:00:00'),
  (3, 3, 'メインカード', '0000', 'USER3', 12, 2028, TRUE, '2026-03-01 09:00:00'),
  (4, 4, 'メインカード', '0000', 'USER4', 12, 2028, TRUE, '2026-03-01 09:00:00')
ON DUPLICATE KEY UPDATE user_id=VALUES(user_id), label=VALUES(label), card_last4=VALUES(card_last4), holder_name=VALUES(holder_name), expiry_month=VALUES(expiry_month), expiry_year=VALUES(expiry_year), is_default=VALUES(is_default), created_at=VALUES(created_at);

-- 2026年3月〜5月の購入履歴用商品です。既存20商品とは分離し、完了済み取引として履歴・集計・評価へ反映します。
SET @history_image = JSON_ARRAY('data:image/svg+xml;base64,PHN2ZyB4bWxucz0iaHR0cDovL3d3dy53My5vcmcvMjAwMC9zdmciIHdpZHRoPSI2NDAiIGhlaWdodD0iNDIwIj48cmVjdCB3aWR0aD0iMTAwJSIgaGVpZ2h0PSIxMDAlIiBmaWxsPSIjZGJlYWZlIi8+PHRleHQgeD0iNTAlIiB5PSI1MCUiIHRleHQtYW5jaG9yPSJtaWRkbGUiIGZvbnQtZmFtaWx5PSJBcmlhbCxzYW5zLXNlcmlmIiBmb250LXNpemU9IjMyIiBmaWxsPSIjMWYyOTM3Ij5QYXN0IFRyYW5zYWN0aW9uPC90ZXh0Pjwvc3ZnPg==');
INSERT INTO items (id, product_code, seller_id, title, description, category, condition_text, price_yen, image_url, delivery_method, shipping_days, ship_from_region, size, color, tags, status, created_at, updated_at) VALUES
  (21, 'HISTORY-001', 2, '統計学入門テキスト', '確率分布から仮説検定までを扱う大学初年級向けの教科書です。重要箇所に少量の書き込みがあります。', '本・教材', 'やや傷や汚れあり', 1500, @history_image, '配送のみ', 2, '千葉県', '単行本', '白', '統計学,教科書,大学,過去取引', 'sold', '2026-03-01 10:00:00', '2026-03-12 18:00:00'),
  (22, 'HISTORY-002', 1, 'USBコンデンサーマイク', 'オンライン会議と動画収録に使用できるUSB接続マイクです。動作確認と簡易清掃を済ませています。', 'スマホ・PC周辺機器', '目立った傷や汚れなし', 2000, @history_image, '配送のみ', 2, '東京都', '小型', '黒', 'マイク,USB,配信,過去取引', 'sold', '2026-03-05 10:00:00', '2026-03-22 18:00:00'),
  (23, 'HISTORY-003', 2, 'メカニカルキーボード', '日本語配列のメカニカルキーボードです。全キーの入力とバックライトの点灯を確認済みです。', 'スマホ・PC周辺機器', '目立った傷や汚れなし', 7000, @history_image, '配送のみ', 2, '千葉県', '中型', '黒', 'キーボード,PC,メカニカル,過去取引', 'sold', '2026-04-01 10:00:00', '2026-04-10 18:00:00'),
  (24, 'HISTORY-004', 1, 'ノイズキャンセリングヘッドホン', '通学や作業に使いやすいワイヤレスヘッドホンです。本体、充電ケーブル、収納ケースが付属します。', 'ガジェット・家電', '目立った傷や汚れなし', 10000, @history_image, '配送のみ', 2, '東京都', '中型', 'シルバー', 'ヘッドホン,ワイヤレス,音楽,過去取引', 'sold', '2026-04-05 10:00:00', '2026-04-24 18:00:00'),
  (25, 'HISTORY-005', 2, '10インチタブレット端末', '動画視聴と資料閲覧に使っていたタブレットです。初期化、充電、Wi-Fi接続を確認済みです。', 'ガジェット・家電', 'やや傷や汚れあり', 15000, @history_image, '配送のみ', 3, '千葉県', '中型', 'グレー', 'タブレット,動画,学習,過去取引', 'sold', '2026-05-01 10:00:00', '2026-05-10 18:00:00'),
  (26, 'HISTORY-006', 1, 'ワークデスクチェア', '背もたれの角度と座面の高さを調整できるデスクチェアです。キャスターも問題なく動作します。', '家具・インテリア', '目立った傷や汚れなし', 8000, @history_image, '対面受け渡し', 2, '東京都', '大型', '黒', 'チェア,デスク,家具,過去取引', 'sold', '2026-05-03 10:00:00', '2026-05-23 18:00:00'),
  (27, 'HISTORY-007', 3, '英語長文問題集', '大学受験向けの英語長文問題集です。解答冊子付きで、本文への書き込みはありません。', '本・教材', '目立った傷や汚れなし', 1000, @history_image, '配送のみ', 2, '神奈川県', 'B5', '白', '英語,問題集,大学受験,過去取引', 'sold', '2026-04-02 10:00:00', '2026-04-17 18:00:00'),
  (28, 'HISTORY-008', 4, '小型ホームプロジェクター', 'HDMI入力対応の小型プロジェクターです。映像出力、リモコン操作、スピーカーを確認済みです。', 'ガジェット・家電', '目立った傷や汚れなし', 8000, @history_image, '配送のみ', 2, '埼玉県', '小型', '白', 'プロジェクター,映像,家電,過去取引', 'sold', '2026-05-02 10:00:00', '2026-05-17 18:00:00')
ON DUPLICATE KEY UPDATE product_code=VALUES(product_code), seller_id=VALUES(seller_id), title=VALUES(title), description=VALUES(description), category=VALUES(category), condition_text=VALUES(condition_text), price_yen=VALUES(price_yen), image_url=VALUES(image_url), delivery_method=VALUES(delivery_method), shipping_days=VALUES(shipping_days), ship_from_region=VALUES(ship_from_region), size=VALUES(size), color=VALUES(color), tags=VALUES(tags), status=VALUES(status), created_at=VALUES(created_at), updated_at=VALUES(updated_at);

INSERT INTO purchases (id, item_id, buyer_id, seller_id, price_yen, status, delivery_address, shipping_deadline, shipped_at, completed_at, rating, rating_comment, created_at) VALUES
  (1, 21, 1, 2, 1500, 'completed', '東京都文京区本郷1-1-1', '2026-03-13 10:00:00', '2026-03-11 12:00:00', '2026-03-12 18:00:00', 5, '丁寧な梱包で、説明どおりの商品でした。', '2026-03-10 10:00:00'),
  (2, 22, 2, 1, 2000, 'completed', '千葉県千葉市中央区弁天1-1-1', '2026-03-23 10:00:00', '2026-03-21 12:00:00', '2026-03-22 18:00:00', 5, '動作も問題なく、スムーズに取引できました。', '2026-03-20 10:00:00'),
  (3, 23, 1, 2, 7000, 'completed', '東京都文京区本郷1-1-1', '2026-04-11 10:00:00', '2026-04-09 12:00:00', '2026-04-10 18:00:00', 5, '状態がよく、発送も迅速でした。', '2026-04-08 10:00:00'),
  (4, 24, 2, 1, 10000, 'completed', '千葉県千葉市中央区弁天1-1-1', '2026-04-25 10:00:00', '2026-04-23 12:00:00', '2026-04-24 18:00:00', 5, '付属品も揃っていて満足しています。', '2026-04-22 10:00:00'),
  (5, 25, 1, 2, 15000, 'completed', '東京都文京区本郷1-1-1', '2026-05-11 10:00:00', '2026-05-09 12:00:00', '2026-05-10 18:00:00', 5, '説明が分かりやすく安心して購入できました。', '2026-05-08 10:00:00'),
  (6, 26, 2, 1, 8000, 'completed', '千葉県千葉市中央区弁天1-1-1', '2026-05-24 10:00:00', '2026-05-22 12:00:00', '2026-05-23 18:00:00', 5, '受け渡しが丁寧で、商品も良好でした。', '2026-05-21 10:00:00'),
  (7, 27, 4, 3, 1000, 'completed', '埼玉県さいたま市浦和区高砂1-1-1', '2026-04-18 10:00:00', '2026-04-16 12:00:00', '2026-04-17 18:00:00', 5, 'きれいな状態で届きました。', '2026-04-15 10:00:00'),
  (8, 28, 3, 4, 8000, 'completed', '神奈川県横浜市西区みなとみらい1-1-1', '2026-05-18 10:00:00', '2026-05-16 12:00:00', '2026-05-17 18:00:00', 5, '動作確認済みで、すぐに使えました。', '2026-05-15 10:00:00')
ON DUPLICATE KEY UPDATE item_id=VALUES(item_id), buyer_id=VALUES(buyer_id), seller_id=VALUES(seller_id), price_yen=VALUES(price_yen), status=VALUES(status), delivery_address=VALUES(delivery_address), shipping_deadline=VALUES(shipping_deadline), shipped_at=VALUES(shipped_at), completed_at=VALUES(completed_at), rating=VALUES(rating), rating_comment=VALUES(rating_comment), created_at=VALUES(created_at);

-- 並び替えを確認しやすいよう、販売中の初期商品には重複しない最終更新時刻を設定します。
-- id=1,3,17は従来どおり7日以上前に保ち、AI販売改善提案の対象も維持します。
UPDATE items
SET updated_at = CASE
  WHEN id = 1 THEN TIMESTAMPADD(DAY, -10, UTC_TIMESTAMP())
  WHEN id = 3 THEN TIMESTAMPADD(DAY, -9, UTC_TIMESTAMP())
  WHEN id = 17 THEN TIMESTAMPADD(DAY, -8, UTC_TIMESTAMP())
  ELSE TIMESTAMPADD(HOUR, -id, UTC_TIMESTAMP())
END
WHERE status = 'available' AND id IN (1, 2, 3, 4, 5, 6, 7, 8, 9, 10, 11, 12, 13, 14, 15, 16, 17, 18, 19, 20, 29, 30, 31);

ALTER TABLE users AUTO_INCREMENT = 100;
ALTER TABLE items AUTO_INCREMENT = 1000;
ALTER TABLE purchases AUTO_INCREMENT = 1000;
ALTER TABLE payment_methods AUTO_INCREMENT = 100;
